recordID,year,decimalLatitude,decimalLongitude,locality,predatorScientificName,predatorAphiaID,predatorCommonName,breedingStatus,preyScientificName,preyAphiaID,frequencyOfOccurrence,sampleSize,referenceID
1,1973,52.17,-9.75,Co. Kerry,Fratercula arctica,137131,Atlantic puffin,breeding,Ammodytidae,125516,0.192,78.0,REF028
2,1973,52.17,-9.75,Co. Kerry,Fratercula arctica,137131,Atlantic puffin,breeding,Gaidropsarus,125743,0.0,78.0,REF028
3,1973,52.17,-9.75,Co. Kerry,Fratercula arctica,137131,Atlantic puffin,breeding,Melanogrammus aeglefinus,126437,0.0,78.0,REF028
4,1973,52.17,-9.75,Co. Kerry,Fratercula arctica,137131,Atlantic puffin,breeding,Merlangius merlangus,126438,0.0,78.0,REF028
5,1973,52.17,-9.75,Co. Kerry,Fratercula arctica,137131,Atlantic puffin,breeding,other,,0.038,78.0,REF028
6,1973,52.17,-9.75,Co. Kerry,Fratercula arctica,137131,Atlantic puffin,breeding,Pollachius virens,126441,0.0,78.0,REF028
7,1973,52.17,-9.75,Co. Kerry,Fratercula arctica,137131,Atlantic puffin,breeding,Sprattus sprattus,126425,0.769,78.0,REF028
8,1983,52.5,1.0,East Anglia,Fratercula arctica,137131,Atlantic puffin,non-breeding,Ammodytidae,125516,0.89,30.0,REF004
9,1983,52.5,1.0,East Anglia,Fratercula arctica,137131,Atlantic puffin,non-breeding,Clupeidae,125464,0.33,30.0,REF004
10,1983,52.5,1.0,East Anglia,Fratercula arctica,137131,Atlantic puffin,non-breeding,Polychaeta,883,0.11,30.0,REF004
11,1974,59.56,-1.63,Fair Isle,Fratercula arctica,137131,Atlantic puffin,breeding,Ammodytidae,125516,0.745,47.0,REF028
12,1974,59.56,-1.63,Fair Isle,Fratercula arctica,137131,Atlantic puffin,breeding,Gaidropsarus,125743,0.0,47.0,REF028
13,1974,59.56,-1.63,Fair Isle,Fratercula arctica,137131,Atlantic puffin,breeding,Melanogrammus aeglefinus,126437,0.0,47.0,REF028
14,1974,59.56,-1.63,Fair Isle,Fratercula arctica,137131,Atlantic puffin,breeding,Merlangius merlangus,126438,0.255,47.0,REF028
15,1974,59.56,-1.63,Fair Isle,Fratercula arctica,137131,Atlantic puffin,breeding,other,,0.0,47.0,REF028
16,1974,59.56,-1.63,Fair Isle,Fratercula arctica,137131,Atlantic puffin,breeding,Pollachius virens,126441,0.0,47.0,REF028
17,1974,59.56,-1.63,Fair Isle,Fratercula arctica,137131,Atlantic puffin,breeding,Sprattus sprattus,126425,0.0,47.0,REF028
18,1975,59.56,-1.63,Fair Isle,Fratercula arctica,137131,Atlantic puffin,breeding,Ammodytidae,125516,0.761,117.0,REF028
19,1975,59.56,-1.63,Fair Isle,Fratercula arctica,137131,Atlantic puffin,breeding,Gaidropsarus,125743,0.137,117.0,REF028
20,1975,59.56,-1.63,Fair Isle,Fratercula arctica,137131,Atlantic puffin,breeding,Melanogrammus aeglefinus,126437,0.0,117.0,REF028
21,1975,59.56,-1.63,Fair Isle,Fratercula arctica,137131,Atlantic puffin,breeding,Merlangius merlangus,126438,0.0,117.0,REF028
22,1975,59.56,-1.63,Fair Isle,Fratercula arctica,137131,Atlantic puffin,breeding,other,,0.0,117.0,REF028
23,1975,59.56,-1.63,Fair Isle,Fratercula arctica,137131,Atlantic puffin,breeding,Pollachius virens,126441,0.0,117.0,REF028
24,1975,59.56,-1.63,Fair Isle,Fratercula arctica,137131,Atlantic puffin,breeding,Sprattus sprattus,126425,0.103,117.0,REF028
25,1976,59.56,-1.63,Fair Isle,Fratercula arctica,137131,Atlantic puffin,breeding,Ammodytidae,125516,0.939,212.0,REF028
26,1976,59.56,-1.63,Fair Isle,Fratercula arctica,137131,Atlantic puffin,breeding,Gaidropsarus,125743,0.028,212.0,REF028
27,1976,59.56,-1.63,Fair Isle,Fratercula arctica,137131,Atlantic puffin,breeding,Melanogrammus aeglefinus,126437,0.0,212.0,REF028
28,1976,59.56,-1.63,Fair Isle,Fratercula arctica,137131,Atlantic puffin,breeding,Merlangius merlangus,126438,0.0,212.0,REF028
29,1976,59.56,-1.63,Fair Isle,Fratercula arctica,137131,Atlantic puffin,breeding,other,,0.0,212.0,REF028
30,1976,59.56,-1.63,Fair Isle,Fratercula arctica,137131,Atlantic puffin,breeding,Pollachius virens,126441,0.033,212.0,REF028
31,1976,59.56,-1.63,Fair Isle,Fratercula arctica,137131,Atlantic puffin,breeding,Sprattus sprattus,126425,0.0,212.0,REF028
32,1977,59.56,-1.63,Fair Isle,Fratercula arctica,137131,Atlantic puffin,breeding,Ammodytidae,125516,0.94,277.0,REF029
33,1977,59.56,-1.63,Fair Isle,Fratercula arctica,137131,Atlantic puffin,breeding,Gaidropsarus,125743,0.01,277.0,REF029
34,1977,59.56,-1.63,Fair Isle,Fratercula arctica,137131,Atlantic puffin,breeding,Merlangius merlangus,126438,0.01,277.0,REF029
35,1977,59.56,-1.63,Fair Isle,Fratercula arctica,137131,Atlantic puffin,breeding,Pollachius virens,126441,0.0,277.0,REF029
36,1977,59.56,-1.63,Fair Isle,Fratercula arctica,137131,Atlantic puffin,breeding,Sprattus sprattus,126425,0.04,277.0,REF029
37,1986,59.56,-1.63,Fair Isle,Fratercula arctica,137131,Atlantic puffin,breeding,Ammodytidae,125516,0.96,44.0,REF029
38,1986,59.56,-1.63,Fair Isle,Fratercula arctica,137131,Atlantic puffin,breeding,Gaidropsarus,125743,0.02,44.0,REF029
39,1986,59.56,-1.63,Fair Isle,Fratercula arctica,137131,Atlantic puffin,breeding,Merlangius merlangus,126438,0.02,44.0,REF029
40,1986,59.56,-1.63,Fair Isle,Fratercula arctica,137131,Atlantic puffin,breeding,Pollachius virens,126441,0.0,44.0,REF029
41,1986,59.56,-1.63,Fair Isle,Fratercula arctica,137131,Atlantic puffin,breeding,Sprattus sprattus,126425,0.0,44.0,REF029
42,1987,59.56,-1.63,Fair Isle,Fratercula arctica,137131,Atlantic puffin,breeding,Ammodytidae,125516,0.9,32.0,REF029
43,1987,59.56,-1.63,Fair Isle,Fratercula arctica,137131,Atlantic puffin,breeding,Ammodytidae,125516,1.0,27.0,REF048
44,1987,59.56,-1.63,Fair Isle,Fratercula arctica,137131,Atlantic puffin,breeding,Clupeidae,125464,0.0,27.0,REF048
45,1987,59.56,-1.63,Fair Isle,Fratercula arctica,137131,Atlantic puffin,breeding,Gadidae,125469,0.0,27.0,REF048
46,1987,59.56,-1.63,Fair Isle,Fratercula arctica,137131,Atlantic puffin,breeding,Gaidropsarus,125743,0.0,32.0,REF029
47,1987,59.56,-1.63,Fair Isle,Fratercula arctica,137131,Atlantic puffin,breeding,Merlangius merlangus,126438,0.0,32.0,REF029
48,1987,59.56,-1.63,Fair Isle,Fratercula arctica,137131,Atlantic puffin,breeding,other,,0.0,27.0,REF048
49,1987,59.56,-1.63,Fair Isle,Fratercula arctica,137131,Atlantic puffin,breeding,Pleuronectiformes,10331,0.0,27.0,REF048
50,1987,59.56,-1.63,Fair Isle,Fratercula arctica,137131,Atlantic puffin,breeding,Pollachius virens,126441,0.0,32.0,REF029
51,1987,59.56,-1.63,Fair Isle,Fratercula arctica,137131,Atlantic puffin,breeding,Sprattus sprattus,126425,0.0,32.0,REF029
52,1987,59.56,-1.63,Fair Isle,Fratercula arctica,137131,Atlantic puffin,breeding,Syngnathidae,125606,0.0,27.0,REF048
53,1988,59.56,-1.63,Fair Isle,Fratercula arctica,137131,Atlantic puffin,breeding,Ammodytidae,125516,0.42,159.0,REF029
54,1988,59.56,-1.63,Fair Isle,Fratercula arctica,137131,Atlantic puffin,breeding,Ammodytidae,125516,0.423,34.0,REF048
55,1988,59.56,-1.63,Fair Isle,Fratercula arctica,137131,Atlantic puffin,breeding,Clupeidae,125464,0.05,34.0,REF048
56,1988,59.56,-1.63,Fair Isle,Fratercula arctica,137131,Atlantic puffin,breeding,Gadidae,125469,0.521,34.0,REF048
57,1988,59.56,-1.63,Fair Isle,Fratercula arctica,137131,Atlantic puffin,breeding,Gaidropsarus,125743,0.01,159.0,REF029
58,1988,59.56,-1.63,Fair Isle,Fratercula arctica,137131,Atlantic puffin,breeding,Merlangius merlangus,126438,0.51,159.0,REF029
59,1988,59.56,-1.63,Fair Isle,Fratercula arctica,137131,Atlantic puffin,breeding,other,,0.0,34.0,REF048
60,1988,59.56,-1.63,Fair Isle,Fratercula arctica,137131,Atlantic puffin,breeding,Pleuronectiformes,10331,0.006,34.0,REF048
61,1988,59.56,-1.63,Fair Isle,Fratercula arctica,137131,Atlantic puffin,breeding,Pollachius virens,126441,0.0,159.0,REF029
62,1988,59.56,-1.63,Fair Isle,Fratercula arctica,137131,Atlantic puffin,breeding,Sprattus sprattus,126425,0.05,159.0,REF029
63,1988,59.56,-1.63,Fair Isle,Fratercula arctica,137131,Atlantic puffin,breeding,Syngnathidae,125606,0.0,34.0,REF048
64,1989,59.56,-1.63,Fair Isle,Fratercula arctica,137131,Atlantic puffin,breeding,Ammodytidae,125516,0.743,64.0,REF048
65,1989,59.56,-1.63,Fair Isle,Fratercula arctica,137131,Atlantic puffin,breeding,Clupeidae,125464,0.092,64.0,REF048
66,1989,59.56,-1.63,Fair Isle,Fratercula arctica,137131,Atlantic puffin,breeding,Gadidae,125469,0.165,64.0,REF048
67,1989,59.56,-1.63,Fair Isle,Fratercula arctica,137131,Atlantic puffin,breeding,other,,0.0,64.0,REF048
68,1989,59.56,-1.63,Fair Isle,Fratercula arctica,137131,Atlantic puffin,breeding,Pleuronectiformes,10331,0.0,64.0,REF048
69,1989,59.56,-1.63,Fair Isle,Fratercula arctica,137131,Atlantic puffin,breeding,Syngnathidae,125606,0.0,64.0,REF048
70,1990,59.56,-1.63,Fair Isle,Fratercula arctica,137131,Atlantic puffin,breeding,Ammodytidae,125516,0.452,73.0,REF048
71,1990,59.56,-1.63,Fair Isle,Fratercula arctica,137131,Atlantic puffin,breeding,Clupeidae,125464,0.132,73.0,REF048
72,1990,59.56,-1.63,Fair Isle,Fratercula arctica,137131,Atlantic puffin,breeding,Gadidae,125469,0.416,73.0,REF048
73,1990,59.56,-1.63,Fair Isle,Fratercula arctica,137131,Atlantic puffin,breeding,other,,0.0,73.0,REF048
74,1990,59.56,-1.63,Fair Isle,Fratercula arctica,137131,Atlantic puffin,breeding,Pleuronectiformes,10331,0.0,73.0,REF048
75,1990,59.56,-1.63,Fair Isle,Fratercula arctica,137131,Atlantic puffin,breeding,Syngnathidae,125606,0.0,73.0,REF048
76,1991,59.56,-1.63,Fair Isle,Fratercula arctica,137131,Atlantic puffin,breeding,Ammodytidae,125516,0.932,72.0,REF048
77,1991,59.56,-1.63,Fair Isle,Fratercula arctica,137131,Atlantic puffin,breeding,Clupeidae,125464,0.029,72.0,REF048
78,1991,59.56,-1.63,Fair Isle,Fratercula arctica,137131,Atlantic puffin,breeding,Gadidae,125469,0.039,72.0,REF048
79,1991,59.56,-1.63,Fair Isle,Fratercula arctica,137131,Atlantic puffin,breeding,other,,0.0,72.0,REF048
80,1991,59.56,-1.63,Fair Isle,Fratercula arctica,137131,Atlantic puffin,breeding,Pleuronectiformes,10331,0.0,72.0,REF048
81,1991,59.56,-1.63,Fair Isle,Fratercula arctica,137131,Atlantic puffin,breeding,Syngnathidae,125606,0.0,72.0,REF048
82,1992,59.56,-1.63,Fair Isle,Fratercula arctica,137131,Atlantic puffin,breeding,Ammodytidae,125516,0.288,107.0,REF048
83,1992,59.56,-1.63,Fair Isle,Fratercula arctica,137131,Atlantic puffin,breeding,Clupeidae,125464,0.0,107.0,REF048
84,1992,59.56,-1.63,Fair Isle,Fratercula arctica,137131,Atlantic puffin,breeding,Gadidae,125469,0.712,107.0,REF048
85,1992,59.56,-1.63,Fair Isle,Fratercula arctica,137131,Atlantic puffin,breeding,other,,0.0,107.0,REF048
86,1992,59.56,-1.63,Fair Isle,Fratercula arctica,137131,Atlantic puffin,breeding,Pleuronectiformes,10331,0.0,107.0,REF048
87,1992,59.56,-1.63,Fair Isle,Fratercula arctica,137131,Atlantic puffin,breeding,Syngnathidae,125606,0.0,107.0,REF048
88,1993,59.56,-1.63,Fair Isle,Fratercula arctica,137131,Atlantic puffin,breeding,Ammodytidae,125516,0.443,15.0,REF048
89,1993,59.56,-1.63,Fair Isle,Fratercula arctica,137131,Atlantic puffin,breeding,Clupeidae,125464,0.038,15.0,REF048
90,1993,59.56,-1.63,Fair Isle,Fratercula arctica,137131,Atlantic puffin,breeding,Gadidae,125469,0.519,15.0,REF048
91,1993,59.56,-1.63,Fair Isle,Fratercula arctica,137131,Atlantic puffin,breeding,other,,0.0,15.0,REF048
92,1993,59.56,-1.63,Fair Isle,Fratercula arctica,137131,Atlantic puffin,breeding,Pleuronectiformes,10331,0.0,15.0,REF048
93,1993,59.56,-1.63,Fair Isle,Fratercula arctica,137131,Atlantic puffin,breeding,Syngnathidae,125606,0.0,15.0,REF048
94,1994,59.56,-1.63,Fair Isle,Fratercula arctica,137131,Atlantic puffin,breeding,Ammodytidae,125516,0.828,18.0,REF048
95,1994,59.56,-1.63,Fair Isle,Fratercula arctica,137131,Atlantic puffin,breeding,Clupeidae,125464,0.0,18.0,REF048
96,1994,59.56,-1.63,Fair Isle,Fratercula arctica,137131,Atlantic puffin,breeding,Gadidae,125469,0.162,18.0,REF048
97,1994,59.56,-1.63,Fair Isle,Fratercula arctica,137131,Atlantic puffin,breeding,other,,0.01,18.0,REF048
98,1994,59.56,-1.63,Fair Isle,Fratercula arctica,137131,Atlantic puffin,breeding,Pleuronectiformes,10331,0.0,18.0,REF048
99,1994,59.56,-1.63,Fair Isle,Fratercula arctica,137131,Atlantic puffin,breeding,Syngnathidae,125606,0.0,18.0,REF048
100,1995,59.56,-1.63,Fair Isle,Fratercula arctica,137131,Atlantic puffin,breeding,Ammodytidae,125516,0.559,28.0,REF048
101,1995,59.56,-1.63,Fair Isle,Fratercula arctica,137131,Atlantic puffin,breeding,Clupeidae,125464,0.077,28.0,REF048
102,1995,59.56,-1.63,Fair Isle,Fratercula arctica,137131,Atlantic puffin,breeding,Gadidae,125469,0.364,28.0,REF048
103,1995,59.56,-1.63,Fair Isle,Fratercula arctica,137131,Atlantic puffin,breeding,other,,0.0,28.0,REF048
104,1995,59.56,-1.63,Fair Isle,Fratercula arctica,137131,Atlantic puffin,breeding,Pleuronectiformes,10331,0.0,28.0,REF048
105,1995,59.56,-1.63,Fair Isle,Fratercula arctica,137131,Atlantic puffin,breeding,Syngnathidae,125606,0.0,28.0,REF048
106,1996,59.56,-1.63,Fair Isle,Fratercula arctica,137131,Atlantic puffin,breeding,Ammodytidae,125516,0.884,26.0,REF048
107,1996,59.56,-1.63,Fair Isle,Fratercula arctica,137131,Atlantic puffin,breeding,Clupeidae,125464,0.055,26.0,REF048
108,1996,59.56,-1.63,Fair Isle,Fratercula arctica,137131,Atlantic puffin,breeding,Gadidae,125469,0.061,26.0,REF048
109,1996,59.56,-1.63,Fair Isle,Fratercula arctica,137131,Atlantic puffin,breeding,other,,0.0,26.0,REF048
110,1996,59.56,-1.63,Fair Isle,Fratercula arctica,137131,Atlantic puffin,breeding,Pleuronectiformes,10331,0.0,26.0,REF048
111,1996,59.56,-1.63,Fair Isle,Fratercula arctica,137131,Atlantic puffin,breeding,Syngnathidae,125606,0.0,26.0,REF048
112,1997,59.56,-1.63,Fair Isle,Fratercula arctica,137131,Atlantic puffin,breeding,Ammodytidae,125516,0.406,44.0,REF048
113,1997,59.56,-1.63,Fair Isle,Fratercula arctica,137131,Atlantic puffin,breeding,Clupeidae,125464,0.013,44.0,REF048
114,1997,59.56,-1.63,Fair Isle,Fratercula arctica,137131,Atlantic puffin,breeding,Gadidae,125469,0.544,44.0,REF048
115,1997,59.56,-1.63,Fair Isle,Fratercula arctica,137131,Atlantic puffin,breeding,other,,0.037,44.0,REF048
116,1997,59.56,-1.63,Fair Isle,Fratercula arctica,137131,Atlantic puffin,breeding,Pleuronectiformes,10331,0.0,44.0,REF048
117,1997,59.56,-1.63,Fair Isle,Fratercula arctica,137131,Atlantic puffin,breeding,Syngnathidae,125606,0.0,44.0,REF048
118,1998,59.56,-1.63,Fair Isle,Fratercula arctica,137131,Atlantic puffin,breeding,Ammodytidae,125516,0.178,57.0,REF048
119,1998,59.56,-1.63,Fair Isle,Fratercula arctica,137131,Atlantic puffin,breeding,Clupeidae,125464,0.0,57.0,REF048
120,1998,59.56,-1.63,Fair Isle,Fratercula arctica,137131,Atlantic puffin,breeding,Gadidae,125469,0.773,57.0,REF048
121,1998,59.56,-1.63,Fair Isle,Fratercula arctica,137131,Atlantic puffin,breeding,other,,0.049,57.0,REF048
122,1998,59.56,-1.63,Fair Isle,Fratercula arctica,137131,Atlantic puffin,breeding,Pleuronectiformes,10331,0.0,57.0,REF048
123,1998,59.56,-1.63,Fair Isle,Fratercula arctica,137131,Atlantic puffin,breeding,Syngnathidae,125606,0.0,57.0,REF048
124,1999,59.56,-1.63,Fair Isle,Fratercula arctica,137131,Atlantic puffin,breeding,Ammodytidae,125516,0.959,32.0,REF048
125,1999,59.56,-1.63,Fair Isle,Fratercula arctica,137131,Atlantic puffin,breeding,Clupeidae,125464,0.01,32.0,REF048
126,1999,59.56,-1.63,Fair Isle,Fratercula arctica,137131,Atlantic puffin,breeding,Gadidae,125469,0.031,32.0,REF048
127,1999,59.56,-1.63,Fair Isle,Fratercula arctica,137131,Atlantic puffin,breeding,other,,0.0,32.0,REF048
128,1999,59.56,-1.63,Fair Isle,Fratercula arctica,137131,Atlantic puffin,breeding,Pleuronectiformes,10331,0.0,32.0,REF048
129,1999,59.56,-1.63,Fair Isle,Fratercula arctica,137131,Atlantic puffin,breeding,Syngnathidae,125606,0.0,32.0,REF048
130,2000,59.56,-1.63,Fair Isle,Fratercula arctica,137131,Atlantic puffin,breeding,Ammodytidae,125516,0.97,38.0,REF048
131,2000,59.56,-1.63,Fair Isle,Fratercula arctica,137131,Atlantic puffin,breeding,Clupeidae,125464,0.021,38.0,REF048
132,2000,59.56,-1.63,Fair Isle,Fratercula arctica,137131,Atlantic puffin,breeding,Gadidae,125469,0.009,38.0,REF048
133,2000,59.56,-1.63,Fair Isle,Fratercula arctica,137131,Atlantic puffin,breeding,other,,0.0,38.0,REF048
134,2000,59.56,-1.63,Fair Isle,Fratercula arctica,137131,Atlantic puffin,breeding,Pleuronectiformes,10331,0.0,38.0,REF048
135,2000,59.56,-1.63,Fair Isle,Fratercula arctica,137131,Atlantic puffin,breeding,Syngnathidae,125606,0.0,38.0,REF048
136,2001,59.56,-1.63,Fair Isle,Fratercula arctica,137131,Atlantic puffin,breeding,Ammodytidae,125516,0.632,19.0,REF048
137,2001,59.56,-1.63,Fair Isle,Fratercula arctica,137131,Atlantic puffin,breeding,Clupeidae,125464,0.023,19.0,REF048
138,2001,59.56,-1.63,Fair Isle,Fratercula arctica,137131,Atlantic puffin,breeding,Gadidae,125469,0.137,19.0,REF048
139,2001,59.56,-1.63,Fair Isle,Fratercula arctica,137131,Atlantic puffin,breeding,other,,0.196,19.0,REF048
140,2001,59.56,-1.63,Fair Isle,Fratercula arctica,137131,Atlantic puffin,breeding,Pleuronectiformes,10331,0.012,19.0,REF048
141,2001,59.56,-1.63,Fair Isle,Fratercula arctica,137131,Atlantic puffin,breeding,Syngnathidae,125606,0.0,19.0,REF048
142,2002,59.56,-1.63,Fair Isle,Fratercula arctica,137131,Atlantic puffin,breeding,Ammodytidae,125516,0.405,30.0,REF048
143,2002,59.56,-1.63,Fair Isle,Fratercula arctica,137131,Atlantic puffin,breeding,Clupeidae,125464,0.434,30.0,REF048
144,2002,59.56,-1.63,Fair Isle,Fratercula arctica,137131,Atlantic puffin,breeding,Gadidae,125469,0.128,30.0,REF048
145,2002,59.56,-1.63,Fair Isle,Fratercula arctica,137131,Atlantic puffin,breeding,other,,0.0,30.0,REF048
146,2002,59.56,-1.63,Fair Isle,Fratercula arctica,137131,Atlantic puffin,breeding,Pleuronectiformes,10331,0.033,30.0,REF048
147,2002,59.56,-1.63,Fair Isle,Fratercula arctica,137131,Atlantic puffin,breeding,Syngnathidae,125606,0.0,30.0,REF048
148,2003,59.56,-1.63,Fair Isle,Fratercula arctica,137131,Atlantic puffin,breeding,Ammodytidae,125516,0.148,33.0,REF048
149,2003,59.56,-1.63,Fair Isle,Fratercula arctica,137131,Atlantic puffin,breeding,Clupeidae,125464,0.665,33.0,REF048
150,2003,59.56,-1.63,Fair Isle,Fratercula arctica,137131,Atlantic puffin,breeding,Gadidae,125469,0.187,33.0,REF048
151,2003,59.56,-1.63,Fair Isle,Fratercula arctica,137131,Atlantic puffin,breeding,other,,0.0,33.0,REF048
152,2003,59.56,-1.63,Fair Isle,Fratercula arctica,137131,Atlantic puffin,breeding,Pleuronectiformes,10331,0.0,33.0,REF048
153,2003,59.56,-1.63,Fair Isle,Fratercula arctica,137131,Atlantic puffin,breeding,Syngnathidae,125606,0.0,33.0,REF048
154,2004,59.56,-1.63,Fair Isle,Fratercula arctica,137131,Atlantic puffin,breeding,Ammodytidae,125516,0.841,6.0,REF048
155,2004,59.56,-1.63,Fair Isle,Fratercula arctica,137131,Atlantic puffin,breeding,Clupeidae,125464,0.0,6.0,REF048
156,2004,59.56,-1.63,Fair Isle,Fratercula arctica,137131,Atlantic puffin,breeding,Gadidae,125469,0.143,6.0,REF048
157,2004,59.56,-1.63,Fair Isle,Fratercula arctica,137131,Atlantic puffin,breeding,other,,0.0,6.0,REF048
158,2004,59.56,-1.63,Fair Isle,Fratercula arctica,137131,Atlantic puffin,breeding,Pleuronectiformes,10331,0.0,6.0,REF048
159,2004,59.56,-1.63,Fair Isle,Fratercula arctica,137131,Atlantic puffin,breeding,Syngnathidae,125606,0.016,6.0,REF048
160,2005,59.56,-1.63,Fair Isle,Fratercula arctica,137131,Atlantic puffin,breeding,Ammodytidae,125516,0.539,25.0,REF048
161,2005,59.56,-1.63,Fair Isle,Fratercula arctica,137131,Atlantic puffin,breeding,Clupeidae,125464,0.362,25.0,REF048
162,2005,59.56,-1.63,Fair Isle,Fratercula arctica,137131,Atlantic puffin,breeding,Gadidae,125469,0.073,25.0,REF048
163,2005,59.56,-1.63,Fair Isle,Fratercula arctica,137131,Atlantic puffin,breeding,other,,0.0,25.0,REF048
164,2005,59.56,-1.63,Fair Isle,Fratercula arctica,137131,Atlantic puffin,breeding,Pleuronectiformes,10331,0.0,25.0,REF048
165,2005,59.56,-1.63,Fair Isle,Fratercula arctica,137131,Atlantic puffin,breeding,Syngnathidae,125606,0.026,25.0,REF048
166,2006,59.56,-1.63,Fair Isle,Fratercula arctica,137131,Atlantic puffin,breeding,Ammodytidae,125516,0.074,31.0,REF048
167,2006,59.56,-1.63,Fair Isle,Fratercula arctica,137131,Atlantic puffin,breeding,Clupeidae,125464,0.103,31.0,REF048
168,2006,59.56,-1.63,Fair Isle,Fratercula arctica,137131,Atlantic puffin,breeding,Gadidae,125469,0.396,31.0,REF048
169,2006,59.56,-1.63,Fair Isle,Fratercula arctica,137131,Atlantic puffin,breeding,other,,0.0,31.0,REF048
170,2006,59.56,-1.63,Fair Isle,Fratercula arctica,137131,Atlantic puffin,breeding,Pleuronectiformes,10331,0.015,31.0,REF048
171,2006,59.56,-1.63,Fair Isle,Fratercula arctica,137131,Atlantic puffin,breeding,Syngnathidae,125606,0.412,31.0,REF048
172,2007,59.56,-1.63,Fair Isle,Fratercula arctica,137131,Atlantic puffin,breeding,Ammodytidae,125516,0.6,42.0,REF048
173,2007,59.56,-1.63,Fair Isle,Fratercula arctica,137131,Atlantic puffin,breeding,Clupeidae,125464,0.0,42.0,REF048
174,2007,59.56,-1.63,Fair Isle,Fratercula arctica,137131,Atlantic puffin,breeding,Gadidae,125469,0.326,42.0,REF048
175,2007,59.56,-1.63,Fair Isle,Fratercula arctica,137131,Atlantic puffin,breeding,other,,0.0,42.0,REF048
176,2007,59.56,-1.63,Fair Isle,Fratercula arctica,137131,Atlantic puffin,breeding,Pleuronectiformes,10331,0.0,42.0,REF048
177,2007,59.56,-1.63,Fair Isle,Fratercula arctica,137131,Atlantic puffin,breeding,Syngnathidae,125606,0.074,42.0,REF048
178,2008,59.56,-1.63,Fair Isle,Fratercula arctica,137131,Atlantic puffin,breeding,Ammodytidae,125516,0.485,36.0,REF048
179,2008,59.56,-1.63,Fair Isle,Fratercula arctica,137131,Atlantic puffin,breeding,Clupeidae,125464,0.0,36.0,REF048
180,2008,59.56,-1.63,Fair Isle,Fratercula arctica,137131,Atlantic puffin,breeding,Gadidae,125469,0.515,36.0,REF048
181,2008,59.56,-1.63,Fair Isle,Fratercula arctica,137131,Atlantic puffin,breeding,other,,0.0,36.0,REF048
182,2008,59.56,-1.63,Fair Isle,Fratercula arctica,137131,Atlantic puffin,breeding,Pleuronectiformes,10331,0.0,36.0,REF048
183,2008,59.56,-1.63,Fair Isle,Fratercula arctica,137131,Atlantic puffin,breeding,Syngnathidae,125606,0.0,36.0,REF048
184,2009,59.56,-1.63,Fair Isle,Fratercula arctica,137131,Atlantic puffin,breeding,Ammodytidae,125516,0.347,6.0,REF048
185,2009,59.56,-1.63,Fair Isle,Fratercula arctica,137131,Atlantic puffin,breeding,Clupeidae,125464,0.0,6.0,REF048
186,2009,59.56,-1.63,Fair Isle,Fratercula arctica,137131,Atlantic puffin,breeding,Gadidae,125469,0.653,6.0,REF048
187,2009,59.56,-1.63,Fair Isle,Fratercula arctica,137131,Atlantic puffin,breeding,other,,0.0,6.0,REF048
188,2009,59.56,-1.63,Fair Isle,Fratercula arctica,137131,Atlantic puffin,breeding,Pleuronectiformes,10331,0.0,6.0,REF048
189,2009,59.56,-1.63,Fair Isle,Fratercula arctica,137131,Atlantic puffin,breeding,Syngnathidae,125606,0.0,6.0,REF048
190,2010,59.56,-1.63,Fair Isle,Fratercula arctica,137131,Atlantic puffin,breeding,Ammodytidae,125516,0.629,35.0,REF048
191,2010,59.56,-1.63,Fair Isle,Fratercula arctica,137131,Atlantic puffin,breeding,Clupeidae,125464,0.009,35.0,REF048
192,2010,59.56,-1.63,Fair Isle,Fratercula arctica,137131,Atlantic puffin,breeding,Gadidae,125469,0.362,35.0,REF048
193,2010,59.56,-1.63,Fair Isle,Fratercula arctica,137131,Atlantic puffin,breeding,other,,0.0,35.0,REF048
194,2010,59.56,-1.63,Fair Isle,Fratercula arctica,137131,Atlantic puffin,breeding,Pleuronectiformes,10331,0.0,35.0,REF048
195,2010,59.56,-1.63,Fair Isle,Fratercula arctica,137131,Atlantic puffin,breeding,Syngnathidae,125606,0.0,35.0,REF048
196,2011,59.56,-1.63,Fair Isle,Fratercula arctica,137131,Atlantic puffin,breeding,Ammodytidae,125516,0.637,33.0,REF048
197,2011,59.56,-1.63,Fair Isle,Fratercula arctica,137131,Atlantic puffin,breeding,Clupeidae,125464,0.0,33.0,REF048
198,2011,59.56,-1.63,Fair Isle,Fratercula arctica,137131,Atlantic puffin,breeding,Gadidae,125469,0.363,33.0,REF048
199,2011,59.56,-1.63,Fair Isle,Fratercula arctica,137131,Atlantic puffin,breeding,other,,0.0,33.0,REF048
200,2011,59.56,-1.63,Fair Isle,Fratercula arctica,137131,Atlantic puffin,breeding,Pleuronectiformes,10331,0.0,33.0,REF048
201,2011,59.56,-1.63,Fair Isle,Fratercula arctica,137131,Atlantic puffin,breeding,Syngnathidae,125606,0.0,33.0,REF048
202,2012,59.56,-1.63,Fair Isle,Fratercula arctica,137131,Atlantic puffin,breeding,Ammodytidae,125516,0.525,37.0,REF048
203,2012,59.56,-1.63,Fair Isle,Fratercula arctica,137131,Atlantic puffin,breeding,Clupeidae,125464,0.003,37.0,REF048
204,2012,59.56,-1.63,Fair Isle,Fratercula arctica,137131,Atlantic puffin,breeding,Gadidae,125469,0.472,37.0,REF048
205,2012,59.56,-1.63,Fair Isle,Fratercula arctica,137131,Atlantic puffin,breeding,other,,0.0,37.0,REF048
206,2012,59.56,-1.63,Fair Isle,Fratercula arctica,137131,Atlantic puffin,breeding,Pleuronectiformes,10331,0.0,37.0,REF048
207,2012,59.56,-1.63,Fair Isle,Fratercula arctica,137131,Atlantic puffin,breeding,Syngnathidae,125606,0.0,37.0,REF048
208,2013,59.56,-1.63,Fair Isle,Fratercula arctica,137131,Atlantic puffin,breeding,Ammodytidae,125516,0.489,40.0,REF048
209,2013,59.56,-1.63,Fair Isle,Fratercula arctica,137131,Atlantic puffin,breeding,Clupeidae,125464,0.293,40.0,REF048
210,2013,59.56,-1.63,Fair Isle,Fratercula arctica,137131,Atlantic puffin,breeding,Gadidae,125469,0.216,40.0,REF048
211,2013,59.56,-1.63,Fair Isle,Fratercula arctica,137131,Atlantic puffin,breeding,other,,0.002,40.0,REF048
212,2013,59.56,-1.63,Fair Isle,Fratercula arctica,137131,Atlantic puffin,breeding,Pleuronectiformes,10331,0.0,40.0,REF048
213,2013,59.56,-1.63,Fair Isle,Fratercula arctica,137131,Atlantic puffin,breeding,Syngnathidae,125606,0.0,40.0,REF048
214,1973,58.61,-4.77,Faraid Head,Fratercula arctica,137131,Atlantic puffin,breeding,Ammodytidae,125516,0.25,4.0,REF028
215,1973,58.61,-4.77,Faraid Head,Fratercula arctica,137131,Atlantic puffin,breeding,Gaidropsarus,125743,0.0,4.0,REF028
216,1973,58.61,-4.77,Faraid Head,Fratercula arctica,137131,Atlantic puffin,breeding,Melanogrammus aeglefinus,126437,0.0,4.0,REF028
217,1973,58.61,-4.77,Faraid Head,Fratercula arctica,137131,Atlantic puffin,breeding,Merlangius merlangus,126438,0.25,4.0,REF028
218,1973,58.61,-4.77,Faraid Head,Fratercula arctica,137131,Atlantic puffin,breeding,other,,0.0,4.0,REF028
219,1973,58.61,-4.77,Faraid Head,Fratercula arctica,137131,Atlantic puffin,breeding,Pollachius virens,126441,0.25,4.0,REF028
220,1973,58.61,-4.77,Faraid Head,Fratercula arctica,137131,Atlantic puffin,breeding,Sprattus sprattus,126425,0.25,4.0,REF028
221,1975,58.61,-4.77,Faraid Head,Fratercula arctica,137131,Atlantic puffin,breeding,Ammodytidae,125516,0.755,98.0,REF028
222,1975,58.61,-4.77,Faraid Head,Fratercula arctica,137131,Atlantic puffin,breeding,Gaidropsarus,125743,0.071,98.0,REF028
223,1975,58.61,-4.77,Faraid Head,Fratercula arctica,137131,Atlantic puffin,breeding,Melanogrammus aeglefinus,126437,0.0,98.0,REF028
224,1975,58.61,-4.77,Faraid Head,Fratercula arctica,137131,Atlantic puffin,breeding,Merlangius merlangus,126438,0.133,98.0,REF028
225,1975,58.61,-4.77,Faraid Head,Fratercula arctica,137131,Atlantic puffin,breeding,other,,0.0,98.0,REF028
226,1975,58.61,-4.77,Faraid Head,Fratercula arctica,137131,Atlantic puffin,breeding,Pollachius virens,126441,0.0,98.0,REF028
227,1975,58.61,-4.77,Faraid Head,Fratercula arctica,137131,Atlantic puffin,breeding,Sprattus sprattus,126425,0.041,98.0,REF028
228,1962,55.6167,-1.6483,Farne Islands,Fratercula arctica,137131,Atlantic puffin,breeding,Ammodytidae,125516,0.85,52.0,REF062
229,1962,55.6167,-1.6483,Farne Islands,Fratercula arctica,137131,Atlantic puffin,breeding,Clupeidae,125464,0.02,52.0,REF062
230,1962,55.6167,-1.6483,Farne Islands,Fratercula arctica,137131,Atlantic puffin,breeding,Gasterosteidae,125476,0.01,52.0,REF062
231,1962,55.6167,-1.6483,Farne Islands,Fratercula arctica,137131,Atlantic puffin,breeding,Trachinidae,125570,0.12,52.0,REF062
232,1975,55.6167,-1.6483,Farne Islands,Fratercula arctica,137131,Atlantic puffin,breeding,Ammodytidae,125516,0.545,9.0,REF028
233,1975,55.6167,-1.6483,Farne Islands,Fratercula arctica,137131,Atlantic puffin,breeding,Nereididae,22496,0.455,9.0,REF028
234,1975,58.3,-7.6,Flannan Islands,Fratercula arctica,137131,Atlantic puffin,breeding,Ammodytidae,125516,0.681,633.0,REF028
235,1975,58.3,-7.6,Flannan Islands,Fratercula arctica,137131,Atlantic puffin,breeding,Gaidropsarus,125743,0.051,633.0,REF028
236,1975,58.3,-7.6,Flannan Islands,Fratercula arctica,137131,Atlantic puffin,breeding,Melanogrammus aeglefinus,126437,0.0,633.0,REF028
237,1975,58.3,-7.6,Flannan Islands,Fratercula arctica,137131,Atlantic puffin,breeding,Merlangius merlangus,126438,0.013,633.0,REF028
238,1975,58.3,-7.6,Flannan Islands,Fratercula arctica,137131,Atlantic puffin,breeding,other,,0.0,633.0,REF028
239,1975,58.3,-7.6,Flannan Islands,Fratercula arctica,137131,Atlantic puffin,breeding,Pollachius virens,126441,0.0,633.0,REF028
240,1975,58.3,-7.6,Flannan Islands,Fratercula arctica,137131,Atlantic puffin,breeding,Sprattus sprattus,126425,0.256,633.0,REF028
241,1974,60.13,-2.06,Foula,Fratercula arctica,137131,Atlantic puffin,breeding,Ammodytidae,125516,1.0,43.0,REF028
242,1974,60.13,-2.06,Foula,Fratercula arctica,137131,Atlantic puffin,breeding,Gaidropsarus,125743,0.0,43.0,REF028
243,1974,60.13,-2.06,Foula,Fratercula arctica,137131,Atlantic puffin,breeding,Melanogrammus aeglefinus,126437,0.0,43.0,REF028
244,1974,60.13,-2.06,Foula,Fratercula arctica,137131,Atlantic puffin,breeding,Merlangius merlangus,126438,0.0,43.0,REF028
245,1974,60.13,-2.06,Foula,Fratercula arctica,137131,Atlantic puffin,breeding,other,,0.0,43.0,REF028
246,1974,60.13,-2.06,Foula,Fratercula arctica,137131,Atlantic puffin,breeding,Pollachius virens,126441,0.0,43.0,REF028
247,1974,60.13,-2.06,Foula,Fratercula arctica,137131,Atlantic puffin,breeding,Sprattus sprattus,126425,0.0,43.0,REF028
248,1973,60.84,-0.88,Hermaness,Fratercula arctica,137131,Atlantic puffin,breeding,Ammodytidae,125516,0.681,138.0,REF028
249,1973,60.84,-0.88,Hermaness,Fratercula arctica,137131,Atlantic puffin,breeding,Gaidropsarus,125743,0.312,138.0,REF028
250,1973,60.84,-0.88,Hermaness,Fratercula arctica,137131,Atlantic puffin,breeding,Melanogrammus aeglefinus,126437,0.0,138.0,REF028
251,1973,60.84,-0.88,Hermaness,Fratercula arctica,137131,Atlantic puffin,breeding,Merlangius merlangus,126438,0.007,138.0,REF028
252,1973,60.84,-0.88,Hermaness,Fratercula arctica,137131,Atlantic puffin,breeding,other,,0.0,138.0,REF028
253,1973,60.84,-0.88,Hermaness,Fratercula arctica,137131,Atlantic puffin,breeding,Pollachius virens,126441,0.0,138.0,REF028
254,1973,60.84,-0.88,Hermaness,Fratercula arctica,137131,Atlantic puffin,breeding,Sprattus sprattus,126425,0.0,138.0,REF028
255,1974,60.84,-0.88,Hermaness,Fratercula arctica,137131,Atlantic puffin,breeding,Ammodytidae,125516,0.436,110.0,REF028
256,1974,60.84,-0.88,Hermaness,Fratercula arctica,137131,Atlantic puffin,breeding,Gaidropsarus,125743,0.382,110.0,REF028
257,1974,60.84,-0.88,Hermaness,Fratercula arctica,137131,Atlantic puffin,breeding,Melanogrammus aeglefinus,126437,0.091,110.0,REF028
258,1974,60.84,-0.88,Hermaness,Fratercula arctica,137131,Atlantic puffin,breeding,Merlangius merlangus,126438,0.009,110.0,REF028
259,1974,60.84,-0.88,Hermaness,Fratercula arctica,137131,Atlantic puffin,breeding,other,,0.073,110.0,REF028
260,1974,60.84,-0.88,Hermaness,Fratercula arctica,137131,Atlantic puffin,breeding,Pollachius virens,126441,0.0,110.0,REF028
261,1974,60.84,-0.88,Hermaness,Fratercula arctica,137131,Atlantic puffin,breeding,Sprattus sprattus,126425,0.009,110.0,REF028
262,1976,60.84,-0.88,Hermaness,Fratercula arctica,137131,Atlantic puffin,breeding,Ammodytidae,125516,0.478,431.0,REF028
263,1976,60.84,-0.88,Hermaness,Fratercula arctica,137131,Atlantic puffin,breeding,Gaidropsarus,125743,0.439,431.0,REF028
264,1976,60.84,-0.88,Hermaness,Fratercula arctica,137131,Atlantic puffin,breeding,Melanogrammus aeglefinus,126437,0.0,431.0,REF028
265,1976,60.84,-0.88,Hermaness,Fratercula arctica,137131,Atlantic puffin,breeding,Merlangius merlangus,126438,0.0,431.0,REF028
266,1976,60.84,-0.88,Hermaness,Fratercula arctica,137131,Atlantic puffin,breeding,other,,0.032,431.0,REF028
267,1976,60.84,-0.88,Hermaness,Fratercula arctica,137131,Atlantic puffin,breeding,Pollachius virens,126441,0.0,431.0,REF028
268,1976,60.84,-0.88,Hermaness,Fratercula arctica,137131,Atlantic puffin,breeding,Sprattus sprattus,126425,0.051,431.0,REF028
284,1972,56.19,-2.56,Isle of May,Fratercula arctica,137131,Atlantic puffin,breeding,Ammodytidae,125516,0.452,104.0,REF028
285,1972,56.19,-2.56,Isle of May,Fratercula arctica,137131,Atlantic puffin,breeding,Gaidropsarus,125743,0.5,104.0,REF028
286,1972,56.19,-2.56,Isle of May,Fratercula arctica,137131,Atlantic puffin,breeding,Melanogrammus aeglefinus,126437,0.0,104.0,REF028
287,1972,56.19,-2.56,Isle of May,Fratercula arctica,137131,Atlantic puffin,breeding,Merlangius merlangus,126438,0.0,104.0,REF028
288,1972,56.19,-2.56,Isle of May,Fratercula arctica,137131,Atlantic puffin,breeding,other,,0.0,104.0,REF028
289,1972,56.19,-2.56,Isle of May,Fratercula arctica,137131,Atlantic puffin,breeding,Pollachius virens,126441,0.01,104.0,REF028
290,1972,56.19,-2.56,Isle of May,Fratercula arctica,137131,Atlantic puffin,breeding,Sprattus sprattus,126425,0.038,104.0,REF028
291,1973,56.19,-2.56,Isle of May,Fratercula arctica,137131,Atlantic puffin,breeding,Ammodytidae,125516,0.712,59.0,REF094
293,1973,56.19,-2.56,Isle of May,Fratercula arctica,137131,Atlantic puffin,breeding,Gaidropsarus,125743,0.031,59.0,REF028
294,1973,56.19,-2.56,Isle of May,Fratercula arctica,137131,Atlantic puffin,breeding,Melanogrammus aeglefinus,126437,0.0,350.0,REF028
295,1973,56.19,-2.56,Isle of May,Fratercula arctica,137131,Atlantic puffin,breeding,Merlangius merlangus,126438,0.0,350.0,REF028
296,1973,56.19,-2.56,Isle of May,Fratercula arctica,137131,Atlantic puffin,breeding,Pollachius virens,126441,0.006,350.0,REF028
297,1973,56.19,-2.56,Isle of May,Fratercula arctica,137131,Atlantic puffin,breeding,Sprattus sprattus,126425,0.029,350.0,REF028
300,1974,56.19,-2.56,Isle of May,Fratercula arctica,137131,Atlantic puffin,breeding,Ammodytidae,125516,0.48,101.0,REF094
302,1974,56.19,-2.56,Isle of May,Fratercula arctica,137131,Atlantic puffin,breeding,Gaidropsarus,125743,0.009,588.0,REF028
303,1974,56.19,-2.56,Isle of May,Fratercula arctica,137131,Atlantic puffin,breeding,Melanogrammus aeglefinus,126437,0.0,588.0,REF028
304,1974,56.19,-2.56,Isle of May,Fratercula arctica,137131,Atlantic puffin,breeding,Merlangius merlangus,126438,0.0,588.0,REF028
305,1974,56.19,-2.56,Isle of May,Fratercula arctica,137131,Atlantic puffin,breeding,other,,0.012,588.0,REF028
306,1974,56.19,-2.56,Isle of May,Fratercula arctica,137131,Atlantic puffin,breeding,Pollachius virens,126441,0.012,588.0,REF028
307,1974,56.19,-2.56,Isle of May,Fratercula arctica,137131,Atlantic puffin,breeding,Sprattus sprattus,126425,0.276,588.0,REF028
310,1975,56.19,-2.56,Isle of May,Fratercula arctica,137131,Atlantic puffin,breeding,Ammodytidae,125516,0.248,129.0,REF094
312,1975,56.19,-2.56,Isle of May,Fratercula arctica,137131,Atlantic puffin,breeding,Gaidropsarus,125743,0.04,476.0,REF028
313,1975,56.19,-2.56,Isle of May,Fratercula arctica,137131,Atlantic puffin,breeding,Melanogrammus aeglefinus,126437,0.0,476.0,REF028
314,1975,56.19,-2.56,Isle of May,Fratercula arctica,137131,Atlantic puffin,breeding,Merlangius merlangus,126438,0.0,476.0,REF028
315,1975,56.19,-2.56,Isle of May,Fratercula arctica,137131,Atlantic puffin,breeding,other,,0.002,476.0,REF028
316,1975,56.19,-2.56,Isle of May,Fratercula arctica,137131,Atlantic puffin,breeding,Pollachius virens,126441,0.013,476.0,REF028
317,1975,56.19,-2.56,Isle of May,Fratercula arctica,137131,Atlantic puffin,breeding,Sprattus sprattus,126425,0.735,476.0,REF028
320,1976,56.19,-2.56,Isle of May,Fratercula arctica,137131,Atlantic puffin,breeding,Ammodytidae,125516,0.503,167.0,REF094
322,1976,56.19,-2.56,Isle of May,Fratercula arctica,137131,Atlantic puffin,breeding,Gaidropsarus,125743,0.003,735.0,REF028
323,1976,56.19,-2.56,Isle of May,Fratercula arctica,137131,Atlantic puffin,breeding,Melanogrammus aeglefinus,126437,0.0,735.0,REF028
324,1976,56.19,-2.56,Isle of May,Fratercula arctica,137131,Atlantic puffin,breeding,Merlangius merlangus,126438,0.0,735.0,REF028
325,1976,56.19,-2.56,Isle of May,Fratercula arctica,137131,Atlantic puffin,breeding,other,,0.011,735.0,REF028
326,1976,56.19,-2.56,Isle of May,Fratercula arctica,137131,Atlantic puffin,breeding,Pollachius virens,126441,0.142,735.0,REF028
327,1976,56.19,-2.56,Isle of May,Fratercula arctica,137131,Atlantic puffin,breeding,Sprattus sprattus,126425,0.294,735.0,REF028
330,1977,56.19,-2.56,Isle of May,Fratercula arctica,137131,Atlantic puffin,breeding,Ammodytidae,125516,0.529,119.0,REF094
335,1978,56.19,-2.56,Isle of May,Fratercula arctica,137131,Atlantic puffin,breeding,Ammodytidae,125516,0.89,109.0,REF094
340,1979,56.19,-2.56,Isle of May,Fratercula arctica,137131,Atlantic puffin,breeding,Ammodytidae,125516,0.869,99.0,REF094
345,1980,56.19,-2.56,Isle of May,Fratercula arctica,137131,Atlantic puffin,breeding,Ammodytidae,125516,0.98,56.0,REF094
350,1981,56.19,-2.56,Isle of May,Fratercula arctica,137131,Atlantic puffin,breeding,Ammodytidae,125516,0.51,96.0,REF094
357,1982,56.19,-2.56,Isle of May,Fratercula arctica,137131,Atlantic puffin,breeding,Ammodytidae,125516,0.667,405.0,REF031
363,1983,56.19,-2.56,Isle of May,Fratercula arctica,137131,Atlantic puffin,breeding,Ammodytidae,125516,0.958,631.0,REF031
371,1984,56.19,-2.56,Isle of May,Fratercula arctica,137131,Atlantic puffin,breeding,Ammodytidae,125516,0.724,966.0,REF031
379,1985,56.19,-2.56,Isle of May,Fratercula arctica,137131,Atlantic puffin,breeding,Ammodytidae,125516,0.951,143.0,REF094
381,1985,56.19,-2.56,Isle of May,Fratercula arctica,137131,Atlantic puffin,breeding,other,,0.0,143.0,REF094
384,1986,56.19,-2.56,Isle of May,Fratercula arctica,137131,Atlantic puffin,breeding,Ammodytidae,125516,0.869,137.0,REF094
389,1987,56.19,-2.56,Isle of May,Fratercula arctica,137131,Atlantic puffin,breeding,Ammodytidae,125516,0.664,137.0,REF094
394,1988,56.19,-2.56,Isle of May,Fratercula arctica,137131,Atlantic puffin,breeding,Ammodytidae,125516,0.84,119.0,REF094
399,1989,56.19,-2.56,Isle of May,Fratercula arctica,137131,Atlantic puffin,breeding,Ammodytidae,125516,0.99,101.0,REF094
404,1990,56.19,-2.56,Isle of May,Fratercula arctica,137131,Atlantic puffin,breeding,Ammodytidae,125516,0.991,110.0,REF094
409,1991,56.19,-2.56,Isle of May,Fratercula arctica,137131,Atlantic puffin,breeding,Ammodytidae,125516,0.985,130.0,REF094
414,1992,56.19,-2.56,Isle of May,Fratercula arctica,137131,Atlantic puffin,breeding,Ammodytidae,125516,0.936,125.0,REF094
419,1993,56.19,-2.56,Isle of May,Fratercula arctica,137131,Atlantic puffin,breeding,Ammodytidae,125516,0.602,211.0,REF094
424,1994,56.19,-2.56,Isle of May,Fratercula arctica,137131,Atlantic puffin,breeding,Ammodytidae,125516,0.979,146.0,REF094
429,1995,56.19,-2.56,Isle of May,Fratercula arctica,137131,Atlantic puffin,breeding,Ammodytidae,125516,0.737,95.0,REF094
434,1996,56.19,-2.56,Isle of May,Fratercula arctica,137131,Atlantic puffin,breeding,Ammodytidae,125516,0.992,118.0,REF094
438,1997,56.19,-2.56,Isle of May,Fratercula arctica,137131,Atlantic puffin,breeding,Ammodytidae,125516,0.873,89.0,REF094
443,1998,56.19,-2.56,Isle of May,Fratercula arctica,137131,Atlantic puffin,breeding,Ammodytidae,125516,0.958,333.0,REF094
448,1999,56.19,-2.56,Isle of May,Fratercula arctica,137131,Atlantic puffin,breeding,Ammodytidae,125516,0.708,212.0,REF094
453,2000,56.19,-2.56,Isle of May,Fratercula arctica,137131,Atlantic puffin,breeding,Ammodytidae,125516,0.987,230.0,REF094
458,2001,56.19,-2.56,Isle of May,Fratercula arctica,137131,Atlantic puffin,breeding,Ammodytidae,125516,0.881,219.0,REF094
463,2002,56.19,-2.56,Isle of May,Fratercula arctica,137131,Atlantic puffin,breeding,Ammodytidae,125516,0.974,189.0,REF094
468,2003,56.19,-2.56,Isle of May,Fratercula arctica,137131,Atlantic puffin,breeding,Ammodytidae,125516,0.951,223.0,REF094
473,2004,56.19,-2.56,Isle of May,Fratercula arctica,137131,Atlantic puffin,breeding,Ammodytidae,125516,0.797,271.0,REF094
478,2005,56.19,-2.56,Isle of May,Fratercula arctica,137131,Atlantic puffin,breeding,Ammodytidae,125516,0.885,226.0,REF094
483,2006,56.19,-2.56,Isle of May,Fratercula arctica,137131,Atlantic puffin,breeding,Ammodytidae,125516,0.797,172.0,REF094
488,2007,56.19,-2.56,Isle of May,Fratercula arctica,137131,Atlantic puffin,breeding,Ammodytidae,125516,0.917,132.0,REF094
493,2008,56.19,-2.56,Isle of May,Fratercula arctica,137131,Atlantic puffin,breeding,Ammodytidae,125516,0.925,106.0,REF094
498,2009,56.19,-2.56,Isle of May,Fratercula arctica,137131,Atlantic puffin,breeding,Ammodytidae,125516,0.982,114.0,REF094
503,2010,56.19,-2.56,Isle of May,Fratercula arctica,137131,Atlantic puffin,breeding,Ammodytidae,125516,0.738,172.0,REF094
508,2011,56.19,-2.56,Isle of May,Fratercula arctica,137131,Atlantic puffin,breeding,Ammodytidae,125516,0.714,196.0,REF094
513,2012,56.19,-2.56,Isle of May,Fratercula arctica,137131,Atlantic puffin,breeding,Ammodytidae,125516,0.921,178.0,REF094
518,2013,56.19,-2.56,Isle of May,Fratercula arctica,137131,Atlantic puffin,breeding,Ammodytidae,125516,0.809,157.0,REF094
523,2014,56.19,-2.56,Isle of May,Fratercula arctica,137131,Atlantic puffin,breeding,Ammodytidae,125516,0.871,140.0,REF094
528,2015,56.19,-2.56,Isle of May,Fratercula arctica,137131,Atlantic puffin,breeding,Ammodytidae,125516,0.876,140.0,REF094
533,1972,59.12,-5.82,North Rona,Fratercula arctica,137131,Atlantic puffin,breeding,Ammodytidae,125516,0.492,61.0,REF028
534,1972,59.12,-5.82,North Rona,Fratercula arctica,137131,Atlantic puffin,breeding,Ciliata mustela,126448,0.508,61.0,REF028
535,1972,59.12,-5.82,North Rona,Fratercula arctica,137131,Atlantic puffin,breeding,Melanogrammus aeglefinus,126437,0.0,61.0,REF028
536,1972,59.12,-5.82,North Rona,Fratercula arctica,137131,Atlantic puffin,breeding,Merlangius merlangus,126438,0.0,61.0,REF028
537,1972,59.12,-5.82,North Rona,Fratercula arctica,137131,Atlantic puffin,breeding,other,,0.0,61.0,REF028
538,1972,59.12,-5.82,North Rona,Fratercula arctica,137131,Atlantic puffin,breeding,Pollachius virens,126441,0.0,61.0,REF028
539,1972,59.12,-5.82,North Rona,Fratercula arctica,137131,Atlantic puffin,breeding,Sprattus sprattus,126425,0.0,61.0,REF028
540,1976,59.12,-5.82,North Rona,Fratercula arctica,137131,Atlantic puffin,breeding,Ammodytidae,125516,0.326,411.0,REF028
541,1976,59.12,-5.82,North Rona,Fratercula arctica,137131,Atlantic puffin,breeding,Gaidropsarus,125743,0.667,411.0,REF028
542,1976,59.12,-5.82,North Rona,Fratercula arctica,137131,Atlantic puffin,breeding,Melanogrammus aeglefinus,126437,0.0,411.0,REF028
543,1976,59.12,-5.82,North Rona,Fratercula arctica,137131,Atlantic puffin,breeding,Merlangius merlangus,126438,0.007,411.0,REF028
544,1976,59.12,-5.82,North Rona,Fratercula arctica,137131,Atlantic puffin,breeding,other,,0.0,411.0,REF028
545,1976,59.12,-5.82,North Rona,Fratercula arctica,137131,Atlantic puffin,breeding,Pollachius virens,126441,0.0,411.0,REF028
546,1976,59.12,-5.82,North Rona,Fratercula arctica,137131,Atlantic puffin,breeding,Sprattus sprattus,126425,0.0,411.0,REF028
547,1973,57.88,-6.35,Shiants Islands,Fratercula arctica,137131,Atlantic puffin,breeding,Ammodytidae,125516,0.583,509.0,REF028
548,1973,57.88,-6.35,Shiants Islands,Fratercula arctica,137131,Atlantic puffin,breeding,Gaidropsarus,125743,0.049,509.0,REF028
549,1973,57.88,-6.35,Shiants Islands,Fratercula arctica,137131,Atlantic puffin,breeding,Melanogrammus aeglefinus,126437,0.031,509.0,REF028
550,1973,57.88,-6.35,Shiants Islands,Fratercula arctica,137131,Atlantic puffin,breeding,Merlangius merlangus,126438,0.275,509.0,REF028
551,1973,57.88,-6.35,Shiants Islands,Fratercula arctica,137131,Atlantic puffin,breeding,other,,0.055,509.0,REF028
552,1973,57.88,-6.35,Shiants Islands,Fratercula arctica,137131,Atlantic puffin,breeding,Pollachius virens,126441,0.0,509.0,REF028
553,1973,57.88,-6.35,Shiants Islands,Fratercula arctica,137131,Atlantic puffin,breeding,Sprattus sprattus,126425,0.006,509.0,REF028
554,1975,57.88,-6.35,Shiants Islands,Fratercula arctica,137131,Atlantic puffin,breeding,Ammodytidae,125516,0.71,31.0,REF028
555,1975,57.88,-6.35,Shiants Islands,Fratercula arctica,137131,Atlantic puffin,breeding,Gaidropsarus,125743,0.0,31.0,REF028
556,1975,57.88,-6.35,Shiants Islands,Fratercula arctica,137131,Atlantic puffin,breeding,Melanogrammus aeglefinus,126437,0.0,31.0,REF028
557,1975,57.88,-6.35,Shiants Islands,Fratercula arctica,137131,Atlantic puffin,breeding,Merlangius merlangus,126438,0.258,31.0,REF028
558,1975,57.88,-6.35,Shiants Islands,Fratercula arctica,137131,Atlantic puffin,breeding,other,,0.0,31.0,REF028
559,1975,57.88,-6.35,Shiants Islands,Fratercula arctica,137131,Atlantic puffin,breeding,Pollachius virens,126441,0.0,31.0,REF028
560,1975,57.88,-6.35,Shiants Islands,Fratercula arctica,137131,Atlantic puffin,breeding,Sprattus sprattus,126425,0.032,31.0,REF028
561,1976,57.88,-6.35,Shiants Islands,Fratercula arctica,137131,Atlantic puffin,breeding,Ammodytidae,125516,0.102,205.0,REF028
562,1976,57.88,-6.35,Shiants Islands,Fratercula arctica,137131,Atlantic puffin,breeding,Gaidropsarus,125743,0.015,205.0,REF028
563,1976,57.88,-6.35,Shiants Islands,Fratercula arctica,137131,Atlantic puffin,breeding,Melanogrammus aeglefinus,126437,0.0,205.0,REF028
564,1976,57.88,-6.35,Shiants Islands,Fratercula arctica,137131,Atlantic puffin,breeding,Merlangius merlangus,126438,0.346,205.0,REF028
565,1976,57.88,-6.35,Shiants Islands,Fratercula arctica,137131,Atlantic puffin,breeding,other,,0.0,205.0,REF028
566,1976,57.88,-6.35,Shiants Islands,Fratercula arctica,137131,Atlantic puffin,breeding,Pollachius virens,126441,0.005,205.0,REF028
567,1976,57.88,-6.35,Shiants Islands,Fratercula arctica,137131,Atlantic puffin,breeding,Sprattus sprattus,126425,0.532,205.0,REF028
568,1970,51.62,-5.29,Skomer,Fratercula arctica,137131,Atlantic puffin,breeding,Ammodytidae,125516,0.007,137.0,REF015
569,1970,51.62,-5.29,Skomer,Fratercula arctica,137131,Atlantic puffin,breeding,Hyperoplus lanceolatus,126756,0.002,137.0,REF015
570,1970,51.62,-5.29,Skomer,Fratercula arctica,137131,Atlantic puffin,breeding,Ammodytes marinus,126751,0.536,137.0,REF015
571,1970,51.62,-5.29,Skomer,Fratercula arctica,137131,Atlantic puffin,breeding,Clupea harengus,126417,0.033,137.0,REF015
572,1970,51.62,-5.29,Skomer,Fratercula arctica,137131,Atlantic puffin,breeding,Gadidae,125469,0.002,137.0,REF015
573,1970,51.62,-5.29,Skomer,Fratercula arctica,137131,Atlantic puffin,breeding,Sprattus sprattus,126425,0.42,137.0,REF015
574,1971,57.82,-8.58,St Kilda,Fratercula arctica,137131,Atlantic puffin,breeding,Ammodytidae,125516,0.344,363.0,REF028
575,1971,57.82,-8.58,St Kilda,Fratercula arctica,137131,Atlantic puffin,breeding,Gaidropsarus,125743,0.6,363.0,REF028
576,1971,57.82,-8.58,St Kilda,Fratercula arctica,137131,Atlantic puffin,breeding,Melanogrammus aeglefinus,126437,0.0,363.0,REF028
577,1971,57.82,-8.58,St Kilda,Fratercula arctica,137131,Atlantic puffin,breeding,Merlangius merlangus,126438,0.047,363.0,REF028
578,1971,57.82,-8.58,St Kilda,Fratercula arctica,137131,Atlantic puffin,breeding,other,,0.008,363.0,REF028
579,1971,57.82,-8.58,St Kilda,Fratercula arctica,137131,Atlantic puffin,breeding,Pollachius virens,126441,0.0,363.0,REF028
580,1971,57.82,-8.58,St Kilda,Fratercula arctica,137131,Atlantic puffin,breeding,Sprattus sprattus,126425,0.0,363.0,REF028
581,1973,57.82,-8.58,St Kilda,Fratercula arctica,137131,Atlantic puffin,breeding,Ammodytidae,125516,0.32,359.0,REF028
582,1973,57.82,-8.58,St Kilda,Fratercula arctica,137131,Atlantic puffin,breeding,Gaidropsarus,125743,0.27,359.0,REF028
583,1973,57.82,-8.58,St Kilda,Fratercula arctica,137131,Atlantic puffin,breeding,Melanogrammus aeglefinus,126437,0.0,359.0,REF028
584,1973,57.82,-8.58,St Kilda,Fratercula arctica,137131,Atlantic puffin,breeding,Merlangius merlangus,126438,0.323,359.0,REF028
585,1973,57.82,-8.58,St Kilda,Fratercula arctica,137131,Atlantic puffin,breeding,other,,0.078,359.0,REF028
586,1973,57.82,-8.58,St Kilda,Fratercula arctica,137131,Atlantic puffin,breeding,Pollachius virens,126441,0.0,359.0,REF028
587,1973,57.82,-8.58,St Kilda,Fratercula arctica,137131,Atlantic puffin,breeding,Sprattus sprattus,126425,0.008,359.0,REF028
588,1974,57.82,-8.58,St Kilda,Fratercula arctica,137131,Atlantic puffin,breeding,Ammodytidae,125516,0.588,820.0,REF028
589,1974,57.82,-8.58,St Kilda,Fratercula arctica,137131,Atlantic puffin,breeding,Gaidropsarus,125743,0.056,820.0,REF028
590,1974,57.82,-8.58,St Kilda,Fratercula arctica,137131,Atlantic puffin,breeding,Melanogrammus aeglefinus,126437,0.007,820.0,REF028
591,1974,57.82,-8.58,St Kilda,Fratercula arctica,137131,Atlantic puffin,breeding,Merlangius merlangus,126438,0.183,820.0,REF028
592,1974,57.82,-8.58,St Kilda,Fratercula arctica,137131,Atlantic puffin,breeding,other,,0.0,820.0,REF028
593,1974,57.82,-8.58,St Kilda,Fratercula arctica,137131,Atlantic puffin,breeding,Pollachius virens,126441,0.0,820.0,REF028
594,1974,57.82,-8.58,St Kilda,Fratercula arctica,137131,Atlantic puffin,breeding,Sprattus sprattus,126425,0.166,820.0,REF028
595,1975,57.82,-8.58,St Kilda,Fratercula arctica,137131,Atlantic puffin,breeding,Ammodytidae,125516,0.092,992.0,REF028
596,1975,57.82,-8.58,St Kilda,Fratercula arctica,137131,Atlantic puffin,breeding,Gaidropsarus,125743,0.124,992.0,REF028
597,1975,57.82,-8.58,St Kilda,Fratercula arctica,137131,Atlantic puffin,breeding,Melanogrammus aeglefinus,126437,0.002,992.0,REF028
598,1975,57.82,-8.58,St Kilda,Fratercula arctica,137131,Atlantic puffin,breeding,Merlangius merlangus,126438,0.02,992.0,REF028
599,1975,57.82,-8.58,St Kilda,Fratercula arctica,137131,Atlantic puffin,breeding,other,,0.004,992.0,REF028
600,1975,57.82,-8.58,St Kilda,Fratercula arctica,137131,Atlantic puffin,breeding,Pollachius virens,126441,0.0,992.0,REF028
601,1975,57.82,-8.58,St Kilda,Fratercula arctica,137131,Atlantic puffin,breeding,Sprattus sprattus,126425,0.758,992.0,REF028
602,1976,57.82,-8.58,St Kilda,Fratercula arctica,137131,Atlantic puffin,breeding,Ammodytidae,125516,0.375,2143.0,REF028
603,1976,57.82,-8.58,St Kilda,Fratercula arctica,137131,Atlantic puffin,breeding,Gaidropsarus,125743,0.208,2143.0,REF028
604,1976,57.82,-8.58,St Kilda,Fratercula arctica,137131,Atlantic puffin,breeding,Melanogrammus aeglefinus,126437,0.0,2143.0,REF028
605,1976,57.82,-8.58,St Kilda,Fratercula arctica,137131,Atlantic puffin,breeding,Merlangius merlangus,126438,0.007,2143.0,REF028
606,1976,57.82,-8.58,St Kilda,Fratercula arctica,137131,Atlantic puffin,breeding,other,,0.005,2143.0,REF028
607,1976,57.82,-8.58,St Kilda,Fratercula arctica,137131,Atlantic puffin,breeding,Pollachius virens,126441,0.0,2143.0,REF028
608,1976,57.82,-8.58,St Kilda,Fratercula arctica,137131,Atlantic puffin,breeding,Sprattus sprattus,126425,0.406,2143.0,REF028
609,1975,59.08,-4.41,Sule Skerry,Fratercula arctica,137131,Atlantic puffin,breeding,Ammodytidae,125516,0.129,31.0,REF028
610,1975,59.08,-4.41,Sule Skerry,Fratercula arctica,137131,Atlantic puffin,breeding,Gaidropsarus,125743,0.0,31.0,REF028
611,1975,59.08,-4.41,Sule Skerry,Fratercula arctica,137131,Atlantic puffin,breeding,Melanogrammus aeglefinus,126437,0.0,31.0,REF028
612,1975,59.08,-4.41,Sule Skerry,Fratercula arctica,137131,Atlantic puffin,breeding,Merlangius merlangus,126438,0.129,31.0,REF028
613,1975,59.08,-4.41,Sule Skerry,Fratercula arctica,137131,Atlantic puffin,breeding,other,,0.0,31.0,REF028
614,1975,59.08,-4.41,Sule Skerry,Fratercula arctica,137131,Atlantic puffin,breeding,Pollachius virens,126441,0.0,31.0,REF028
615,1975,59.08,-4.41,Sule Skerry,Fratercula arctica,137131,Atlantic puffin,breeding,Sprattus sprattus,126425,0.742,31.0,REF028
616,1987,57.05,-6.53,Canna,Rissa tridactyla,137156,Black-legged kittiwake,breeding,Ammodytes marinus,126751,0.14,7.0,REF032; REF080
617,1987,57.05,-6.53,Canna,Rissa tridactyla,137156,Black-legged kittiwake,breeding,Clupeidae,125464,0.0,7.0,REF032; REF080
618,1987,57.05,-6.53,Canna,Rissa tridactyla,137156,Black-legged kittiwake,breeding,Crustacea,1066,0.0,7.0,REF032; REF080
619,1987,57.05,-6.53,Canna,Rissa tridactyla,137156,Black-legged kittiwake,breeding,Gadidae,125469,0.83,7.0,REF032; REF080
620,1988,57.05,-6.53,Canna,Rissa tridactyla,137156,Black-legged kittiwake,breeding,Ammodytes marinus,126751,0.0,6.0,REF032; REF080
621,1988,57.05,-6.53,Canna,Rissa tridactyla,137156,Black-legged kittiwake,breeding,Clupeidae,125464,0.0,6.0,REF032; REF080
622,1988,57.05,-6.53,Canna,Rissa tridactyla,137156,Black-legged kittiwake,breeding,Crustacea,1066,0.17,6.0,REF032; REF080
623,1988,57.05,-6.53,Canna,Rissa tridactyla,137156,Black-legged kittiwake,breeding,Gadidae,125469,0.83,6.0,REF032; REF080
624,1988,57.05,-6.53,Canna,Rissa tridactyla,137156,Black-legged kittiwake,breeding,other,,0.17,6.0,REF032; REF080
625,1989,57.05,-6.53,Canna,Rissa tridactyla,137156,Black-legged kittiwake,breeding,Ammodytes marinus,126751,0.94,17.0,REF080
626,1989,57.05,-6.53,Canna,Rissa tridactyla,137156,Black-legged kittiwake,breeding,Crustacea,1066,0.0,17.0,REF080
627,1989,57.05,-6.53,Canna,Rissa tridactyla,137156,Black-legged kittiwake,breeding,Gadidae,125469,0.12,17.0,REF080
628,1989,57.05,-6.53,Canna,Rissa tridactyla,137156,Black-legged kittiwake,breeding,other,,0.0,17.0,REF080
629,1989,57.05,-6.53,Canna,Rissa tridactyla,137156,Black-legged kittiwake,breeding,Sprattus sprattus,126425,0.0,17.0,REF080
630,1990,57.05,-6.53,Canna,Rissa tridactyla,137156,Black-legged kittiwake,breeding,Ammodytes marinus,126751,1.0,6.0,REF080
631,1990,57.05,-6.53,Canna,Rissa tridactyla,137156,Black-legged kittiwake,breeding,Crustacea,1066,0.0,6.0,REF080
632,1990,57.05,-6.53,Canna,Rissa tridactyla,137156,Black-legged kittiwake,breeding,Gadidae,125469,0.0,6.0,REF080
633,1990,57.05,-6.53,Canna,Rissa tridactyla,137156,Black-legged kittiwake,breeding,other,,0.0,6.0,REF080
634,1990,57.05,-6.53,Canna,Rissa tridactyla,137156,Black-legged kittiwake,breeding,Sprattus sprattus,126425,0.0,6.0,REF080
635,1991,57.05,-6.53,Canna,Rissa tridactyla,137156,Black-legged kittiwake,breeding,Ammodytes marinus,126751,1.0,3.0,REF080
636,1991,57.05,-6.53,Canna,Rissa tridactyla,137156,Black-legged kittiwake,breeding,Crustacea,1066,0.0,3.0,REF080
637,1991,57.05,-6.53,Canna,Rissa tridactyla,137156,Black-legged kittiwake,breeding,Gadidae,125469,0.33,3.0,REF080
638,1991,57.05,-6.53,Canna,Rissa tridactyla,137156,Black-legged kittiwake,breeding,other,,0.0,3.0,REF080
639,1991,57.05,-6.53,Canna,Rissa tridactyla,137156,Black-legged kittiwake,breeding,Sprattus sprattus,126425,0.0,3.0,REF080
640,1992,57.05,-6.53,Canna,Rissa tridactyla,137156,Black-legged kittiwake,breeding,Ammodytes marinus,126751,0.25,8.0,REF080
641,1992,57.05,-6.53,Canna,Rissa tridactyla,137156,Black-legged kittiwake,breeding,Crustacea,1066,0.13,8.0,REF080
642,1992,57.05,-6.53,Canna,Rissa tridactyla,137156,Black-legged kittiwake,breeding,Gadidae,125469,0.63,8.0,REF080
643,1992,57.05,-6.53,Canna,Rissa tridactyla,137156,Black-legged kittiwake,breeding,other,,0.0,8.0,REF080
644,1992,57.05,-6.53,Canna,Rissa tridactyla,137156,Black-legged kittiwake,breeding,Sprattus sprattus,126425,0.25,8.0,REF080
645,1993,57.05,-6.53,Canna,Rissa tridactyla,137156,Black-legged kittiwake,breeding,Ammodytes marinus,126751,0.67,3.0,REF080
646,1993,57.05,-6.53,Canna,Rissa tridactyla,137156,Black-legged kittiwake,breeding,Crustacea,1066,0.0,3.0,REF080
647,1993,57.05,-6.53,Canna,Rissa tridactyla,137156,Black-legged kittiwake,breeding,Gadidae,125469,0.33,3.0,REF080
648,1993,57.05,-6.53,Canna,Rissa tridactyla,137156,Black-legged kittiwake,breeding,other,,0.0,3.0,REF080
649,1993,57.05,-6.53,Canna,Rissa tridactyla,137156,Black-legged kittiwake,breeding,Sprattus sprattus,126425,0.0,3.0,REF080
650,1994,57.05,-6.53,Canna,Rissa tridactyla,137156,Black-legged kittiwake,breeding,Ammodytes marinus,126751,1.0,6.0,REF080
651,1994,57.05,-6.53,Canna,Rissa tridactyla,137156,Black-legged kittiwake,breeding,Crustacea,1066,0.17,6.0,REF080
652,1994,57.05,-6.53,Canna,Rissa tridactyla,137156,Black-legged kittiwake,breeding,Gadidae,125469,0.0,6.0,REF080
653,1994,57.05,-6.53,Canna,Rissa tridactyla,137156,Black-legged kittiwake,breeding,other,,0.0,6.0,REF080
654,1994,57.05,-6.53,Canna,Rissa tridactyla,137156,Black-legged kittiwake,breeding,Sprattus sprattus,126425,0.0,6.0,REF080
655,1995,57.05,-6.53,Canna,Rissa tridactyla,137156,Black-legged kittiwake,breeding,Ammodytes marinus,126751,0.4,5.0,REF080
656,1995,57.05,-6.53,Canna,Rissa tridactyla,137156,Black-legged kittiwake,breeding,Crustacea,1066,0.4,5.0,REF080
657,1995,57.05,-6.53,Canna,Rissa tridactyla,137156,Black-legged kittiwake,breeding,Gadidae,125469,0.4,5.0,REF080
658,1995,57.05,-6.53,Canna,Rissa tridactyla,137156,Black-legged kittiwake,breeding,other,,0.0,5.0,REF080
659,1995,57.05,-6.53,Canna,Rissa tridactyla,137156,Black-legged kittiwake,breeding,Sprattus sprattus,126425,0.0,5.0,REF080
660,1996,57.05,-6.53,Canna,Rissa tridactyla,137156,Black-legged kittiwake,breeding,Ammodytes marinus,126751,0.67,9.0,REF080
661,1996,57.05,-6.53,Canna,Rissa tridactyla,137156,Black-legged kittiwake,breeding,Crustacea,1066,0.0,9.0,REF080
662,1996,57.05,-6.53,Canna,Rissa tridactyla,137156,Black-legged kittiwake,breeding,Gadidae,125469,0.11,9.0,REF080
663,1996,57.05,-6.53,Canna,Rissa tridactyla,137156,Black-legged kittiwake,breeding,other,,0.0,9.0,REF080
664,1996,57.05,-6.53,Canna,Rissa tridactyla,137156,Black-legged kittiwake,breeding,Sprattus sprattus,126425,0.33,9.0,REF080
665,1997,57.05,-6.53,Canna,Rissa tridactyla,137156,Black-legged kittiwake,breeding,Ammodytes marinus,126751,0.7,20.0,REF080
666,1997,57.05,-6.53,Canna,Rissa tridactyla,137156,Black-legged kittiwake,breeding,Crustacea,1066,0.0,20.0,REF080
667,1997,57.05,-6.53,Canna,Rissa tridactyla,137156,Black-legged kittiwake,breeding,Gadidae,125469,0.15,20.0,REF080
668,1997,57.05,-6.53,Canna,Rissa tridactyla,137156,Black-legged kittiwake,breeding,other,,0.15,20.0,REF080
669,1997,57.05,-6.53,Canna,Rissa tridactyla,137156,Black-legged kittiwake,breeding,Sprattus sprattus,126425,0.05,20.0,REF080
670,1998,57.05,-6.53,Canna,Rissa tridactyla,137156,Black-legged kittiwake,breeding,Ammodytes marinus,126751,0.25,4.0,REF071
671,1998,57.05,-6.53,Canna,Rissa tridactyla,137156,Black-legged kittiwake,breeding,Crustacea,1066,0.5,4.0,REF071
672,1998,57.05,-6.53,Canna,Rissa tridactyla,137156,Black-legged kittiwake,breeding,Gadidae,125469,0.25,4.0,REF071
673,1998,57.05,-6.53,Canna,Rissa tridactyla,137156,Black-legged kittiwake,breeding,Sprattus sprattus,126425,0.5,4.0,REF071
674,1998,57.05,-6.53,Canna,Rissa tridactyla,137156,Black-legged kittiwake,breeding,Trisopterus,125739,0.25,4.0,REF071
675,1999,57.05,-6.53,Canna,Rissa tridactyla,137156,Black-legged kittiwake,breeding,Ammodytes marinus,126751,0.59,22.0,REF080; REF072
676,1999,57.05,-6.53,Canna,Rissa tridactyla,137156,Black-legged kittiwake,breeding,Crustacea,1066,0.0,22.0,REF080; REF072
677,1999,57.05,-6.53,Canna,Rissa tridactyla,137156,Black-legged kittiwake,breeding,Gadidae,125469,0.14,22.0,REF080; REF072
678,1999,57.05,-6.53,Canna,Rissa tridactyla,137156,Black-legged kittiwake,breeding,other,,0.0,22.0,REF080; REF072
679,1999,57.05,-6.53,Canna,Rissa tridactyla,137156,Black-legged kittiwake,breeding,Sprattus sprattus,126425,0.41,22.0,REF080; REF072
680,1999,57.05,-6.53,Canna,Rissa tridactyla,137156,Black-legged kittiwake,breeding,Trisopterus,125739,0.05,22.0,REF080; REF072
681,2000,57.05,-6.53,Canna,Rissa tridactyla,137156,Black-legged kittiwake,breeding,Ammodytes marinus,126751,0.81,32.0,REF080
682,2000,57.05,-6.53,Canna,Rissa tridactyla,137156,Black-legged kittiwake,breeding,Crustacea,1066,0.13,32.0,REF080
683,2000,57.05,-6.53,Canna,Rissa tridactyla,137156,Black-legged kittiwake,breeding,Gadidae,125469,0.0,32.0,REF080
684,2000,57.05,-6.53,Canna,Rissa tridactyla,137156,Black-legged kittiwake,breeding,other,,0.03,32.0,REF080
685,2000,57.05,-6.53,Canna,Rissa tridactyla,137156,Black-legged kittiwake,breeding,Sprattus sprattus,126425,0.16,32.0,REF080
686,2001,57.05,-6.53,Canna,Rissa tridactyla,137156,Black-legged kittiwake,breeding,Ammodytes marinus,126751,0.67,12.0,REF080
687,2001,57.05,-6.53,Canna,Rissa tridactyla,137156,Black-legged kittiwake,breeding,Crustacea,1066,0.0,12.0,REF080
688,2001,57.05,-6.53,Canna,Rissa tridactyla,137156,Black-legged kittiwake,breeding,Gadidae,125469,0.42,12.0,REF080
689,2001,57.05,-6.53,Canna,Rissa tridactyla,137156,Black-legged kittiwake,breeding,other,,0.0,12.0,REF080
690,2001,57.05,-6.53,Canna,Rissa tridactyla,137156,Black-legged kittiwake,breeding,Sprattus sprattus,126425,0.0,12.0,REF080
691,2002,57.05,-6.53,Canna,Rissa tridactyla,137156,Black-legged kittiwake,breeding,Ammodytes marinus,126751,0.73,22.0,REF080
692,2002,57.05,-6.53,Canna,Rissa tridactyla,137156,Black-legged kittiwake,breeding,Crustacea,1066,0.0,22.0,REF080
693,2002,57.05,-6.53,Canna,Rissa tridactyla,137156,Black-legged kittiwake,breeding,Gadidae,125469,0.0,22.0,REF080
694,2002,57.05,-6.53,Canna,Rissa tridactyla,137156,Black-legged kittiwake,breeding,other,,0.0,22.0,REF080
695,2002,57.05,-6.53,Canna,Rissa tridactyla,137156,Black-legged kittiwake,breeding,Sprattus sprattus,126425,0.27,22.0,REF080
696,2003,57.05,-6.53,Canna,Rissa tridactyla,137156,Black-legged kittiwake,breeding,Ammodytes marinus,126751,0.82,11.0,REF080; REF073
697,2003,57.05,-6.53,Canna,Rissa tridactyla,137156,Black-legged kittiwake,breeding,Crustacea,1066,0.0,11.0,REF080; REF073
698,2003,57.05,-6.53,Canna,Rissa tridactyla,137156,Black-legged kittiwake,breeding,Gadidae,125469,0.09,11.0,REF080; REF073
699,2003,57.05,-6.53,Canna,Rissa tridactyla,137156,Black-legged kittiwake,breeding,other,,0.0,11.0,REF080; REF073
700,2003,57.05,-6.53,Canna,Rissa tridactyla,137156,Black-legged kittiwake,breeding,Sprattus sprattus,126425,0.09,11.0,REF080; REF073
701,2003,57.05,-6.53,Canna,Rissa tridactyla,137156,Black-legged kittiwake,breeding,Trisopterus,125739,0.18,11.0,REF080; REF073
702,2004,57.05,-6.53,Canna,Rissa tridactyla,137156,Black-legged kittiwake,breeding,Ammodytes marinus,126751,0.05,21.0,REF080
703,2004,57.05,-6.53,Canna,Rissa tridactyla,137156,Black-legged kittiwake,breeding,Crustacea,1066,0.0,21.0,REF080
704,2004,57.05,-6.53,Canna,Rissa tridactyla,137156,Black-legged kittiwake,breeding,Gadidae,125469,0.05,21.0,REF080
705,2004,57.05,-6.53,Canna,Rissa tridactyla,137156,Black-legged kittiwake,breeding,other,,0.0,21.0,REF080
706,2004,57.05,-6.53,Canna,Rissa tridactyla,137156,Black-legged kittiwake,breeding,Sprattus sprattus,126425,0.95,21.0,REF080
707,2005,57.05,-6.53,Canna,Rissa tridactyla,137156,Black-legged kittiwake,breeding,Ammodytes marinus,126751,0.22,9.0,REF080
708,2005,57.05,-6.53,Canna,Rissa tridactyla,137156,Black-legged kittiwake,breeding,Crustacea,1066,0.11,9.0,REF080
709,2005,57.05,-6.53,Canna,Rissa tridactyla,137156,Black-legged kittiwake,breeding,Gadidae,125469,0.67,9.0,REF080
710,2005,57.05,-6.53,Canna,Rissa tridactyla,137156,Black-legged kittiwake,breeding,other,,0.11,9.0,REF080
711,2005,57.05,-6.53,Canna,Rissa tridactyla,137156,Black-legged kittiwake,breeding,Sprattus sprattus,126425,0.11,9.0,REF080
712,2007,57.05,-6.53,Canna,Rissa tridactyla,137156,Black-legged kittiwake,breeding,Ammodytes marinus,126751,0.75,4.0,REF080; REF077
713,2007,57.05,-6.53,Canna,Rissa tridactyla,137156,Black-legged kittiwake,breeding,Crustacea,1066,0.0,4.0,REF080; REF077
714,2007,57.05,-6.53,Canna,Rissa tridactyla,137156,Black-legged kittiwake,breeding,Entelurus aequoreus,127379,0.5,4.0,REF080; REF077
715,2007,57.05,-6.53,Canna,Rissa tridactyla,137156,Black-legged kittiwake,breeding,Gadidae,125469,0.5,4.0,REF080; REF077
716,2007,57.05,-6.53,Canna,Rissa tridactyla,137156,Black-legged kittiwake,breeding,Sprattus sprattus,126425,0.0,4.0,REF080; REF077
717,2008,57.05,-6.53,Canna,Rissa tridactyla,137156,Black-legged kittiwake,breeding,Ammodytes marinus,126751,0.333333333,3.0,REF078
718,2008,57.05,-6.53,Canna,Rissa tridactyla,137156,Black-legged kittiwake,breeding,Clupeidae,125464,0.333333333,3.0,REF078
719,2008,57.05,-6.53,Canna,Rissa tridactyla,137156,Black-legged kittiwake,breeding,Lotidae,125470,0.666666667,3.0,REF078
720,2009,57.05,-6.53,Canna,Rissa tridactyla,137156,Black-legged kittiwake,breeding,Ammodytes marinus,126751,0.555555556,9.0,REF079
721,2009,57.05,-6.53,Canna,Rissa tridactyla,137156,Black-legged kittiwake,breeding,Clupeidae,125464,0.777777778,9.0,REF079
722,2009,57.05,-6.53,Canna,Rissa tridactyla,137156,Black-legged kittiwake,breeding,Gadidae,125469,0.222222222,9.0,REF079
723,2009,57.05,-6.53,Canna,Rissa tridactyla,137156,Black-legged kittiwake,breeding,Lotidae,125470,0.111111111,9.0,REF079
724,2010,57.05,-6.53,Canna,Rissa tridactyla,137156,Black-legged kittiwake,breeding,Gadidae,125469,1.0,2.0,REF075
725,2011,57.05,-6.53,Canna,Rissa tridactyla,137156,Black-legged kittiwake,breeding,Ammodytes marinus,126751,0.428571429,7.0,REF076
726,2011,57.05,-6.53,Canna,Rissa tridactyla,137156,Black-legged kittiwake,breeding,Clupeidae,125464,0.571428571,7.0,REF076
727,2011,57.05,-6.53,Canna,Rissa tridactyla,137156,Black-legged kittiwake,breeding,Decapoda,1130,0.142857143,7.0,REF076
728,2011,57.05,-6.53,Canna,Rissa tridactyla,137156,Black-legged kittiwake,breeding,Gadidae,125469,0.571428571,7.0,REF076
729,2011,57.05,-6.53,Canna,Rissa tridactyla,137156,Black-legged kittiwake,breeding,Ammodytidae,125516,0.428571429,7.0,REF076
730,2011,57.05,-6.53,Canna,Rissa tridactyla,137156,Black-legged kittiwake,breeding,Ammodytidae,125516,0.285714286,7.0,REF076
731,2012,57.05,-6.53,Canna,Rissa tridactyla,137156,Black-legged kittiwake,breeding,Gadidae,125469,1.0,13.0,REF081
732,2013,57.05,-6.53,Canna,Rissa tridactyla,137156,Black-legged kittiwake,breeding,Lotidae,125470,1.0,4.0,REF082
733,2014,57.05,-6.53,Canna,Rissa tridactyla,137156,Black-legged kittiwake,breeding,Ammodytes marinus,126751,0.6,10.0,REF083
734,2014,57.05,-6.53,Canna,Rissa tridactyla,137156,Black-legged kittiwake,breeding,Ammodytes marinus,126751,0.6,10.0,REF083
735,2014,57.05,-6.53,Canna,Rissa tridactyla,137156,Black-legged kittiwake,breeding,Ammodytes marinus,126751,0.0,10.0,REF083
736,2014,57.05,-6.53,Canna,Rissa tridactyla,137156,Black-legged kittiwake,breeding,Clupeidae,125464,0.1,10.0,REF083
737,2014,57.05,-6.53,Canna,Rissa tridactyla,137156,Black-legged kittiwake,breeding,Crustacea,1066,0.4,10.0,REF083
738,2014,57.05,-6.53,Canna,Rissa tridactyla,137156,Black-legged kittiwake,breeding,Gadidae,125469,0.6,10.0,REF083
739,2014,57.05,-6.53,Canna,Rissa tridactyla,137156,Black-legged kittiwake,breeding,Mollusca,51,0.1,10.0,REF083
740,2015,57.05,-6.53,Canna,Rissa tridactyla,137156,Black-legged kittiwake,breeding,Ammodytes marinus,126751,0.642857143,28.0,REF084
741,2015,57.05,-6.53,Canna,Rissa tridactyla,137156,Black-legged kittiwake,breeding,Clupeidae,125464,0.142857143,30.0,REF084
742,2015,57.05,-6.53,Canna,Rissa tridactyla,137156,Black-legged kittiwake,breeding,Crustacea,1066,0.071428571,31.0,REF084
743,2015,57.05,-6.53,Canna,Rissa tridactyla,137156,Black-legged kittiwake,breeding,Gadidae,125469,0.75,29.0,REF084
744,2015,57.05,-6.53,Canna,Rissa tridactyla,137156,Black-legged kittiwake,breeding,Ammodytidae,125516,0.357142857,28.0,REF084
745,2015,57.05,-6.53,Canna,Rissa tridactyla,137156,Black-legged kittiwake,breeding,Ammodytidae,125516,0.25,28.0,REF084
746,2012,55.33,-1.53,Coquet Island,Rissa tridactyla,137156,Black-legged kittiwake,breeding,Ammodytidae,125516,0.941,17.0,REF066
747,2012,55.33,-1.53,Coquet Island,Rissa tridactyla,137156,Black-legged kittiwake,breeding,Sprattus sprattus,126425,0.059,17.0,REF066
749,1986,59.56,-1.63,Fair Isle,Rissa tridactyla,137156,Black-legged kittiwake,breeding,Ammodytidae,125516,1.0,24.0,REF032
750,1986,59.56,-1.63,Fair Isle,Rissa tridactyla,137156,Black-legged kittiwake,breeding,Clupeidae,125464,0.0,24.0,REF032
751,1986,59.56,-1.63,Fair Isle,Rissa tridactyla,137156,Black-legged kittiwake,breeding,Crustacea,1066,0.0,24.0,REF032
752,1986,59.56,-1.63,Fair Isle,Rissa tridactyla,137156,Black-legged kittiwake,breeding,Gadidae,125469,0.0,24.0,REF032
755,1987,59.56,-1.63,Fair Isle,Rissa tridactyla,137156,Black-legged kittiwake,breeding,Ammodytidae,125516,1.0,34.0,REF032
756,1987,59.56,-1.63,Fair Isle,Rissa tridactyla,137156,Black-legged kittiwake,breeding,Clupeidae,125464,0.0,34.0,REF032
757,1987,59.56,-1.63,Fair Isle,Rissa tridactyla,137156,Black-legged kittiwake,breeding,Crustacea,1066,0.0,34.0,REF032
758,1987,59.56,-1.63,Fair Isle,Rissa tridactyla,137156,Black-legged kittiwake,breeding,Gadidae,125469,0.0,34.0,REF032
761,1988,59.56,-1.63,Fair Isle,Rissa tridactyla,137156,Black-legged kittiwake,breeding,Ammodytidae,125516,0.87,8.0,REF032
762,1988,59.56,-1.63,Fair Isle,Rissa tridactyla,137156,Black-legged kittiwake,breeding,Clupeidae,125464,0.0,8.0,REF032
763,1988,59.56,-1.63,Fair Isle,Rissa tridactyla,137156,Black-legged kittiwake,breeding,Crustacea,1066,0.13,8.0,REF032
764,1988,59.56,-1.63,Fair Isle,Rissa tridactyla,137156,Black-legged kittiwake,breeding,Gadidae,125469,0.0,8.0,REF032
773,1998,59.56,-1.63,Fair Isle,Rissa tridactyla,137156,Black-legged kittiwake,breeding,Ammodytes marinus,126751,1.0,10.0,REF003
774,2000,59.56,-1.63,Fair Isle,Rissa tridactyla,137156,Black-legged kittiwake,breeding,Ammodytes marinus,126751,0.884615385,26.0,REF067
775,2000,59.56,-1.63,Fair Isle,Rissa tridactyla,137156,Black-legged kittiwake,breeding,Gadidae,125469,0.192307692,26.0,REF067
776,2000,59.56,-1.63,Fair Isle,Rissa tridactyla,137156,Black-legged kittiwake,breeding,other,,0.038461538,26.0,REF067
777,1986,58.57,-4.77,Faraid Head,Rissa tridactyla,137156,Black-legged kittiwake,breeding,Ammodytidae,125516,1.0,1.0,REF032
778,1986,58.57,-4.77,Faraid Head,Rissa tridactyla,137156,Black-legged kittiwake,breeding,Clupeidae,125464,0.0,1.0,REF032
779,1986,58.57,-4.77,Faraid Head,Rissa tridactyla,137156,Black-legged kittiwake,breeding,Crustacea,1066,0.0,1.0,REF032
780,1986,58.57,-4.77,Faraid Head,Rissa tridactyla,137156,Black-legged kittiwake,breeding,Gadidae,125469,0.0,1.0,REF032
785,1998,55.6167,-1.6483,Farne Islands,Rissa tridactyla,137156,Black-legged kittiwake,breeding,Ammodytes marinus,126751,1.0,31.0,REF010
786,1998,55.6167,-1.6483,Farne Islands,Rissa tridactyla,137156,Black-legged kittiwake,breeding,Clupeidae,125464,0.23,31.0,REF010
787,1998,55.6167,-1.6483,Farne Islands,Rissa tridactyla,137156,Black-legged kittiwake,breeding,Crustacea,1066,0.03,31.0,REF010
788,1998,55.6167,-1.6483,Farne Islands,Rissa tridactyla,137156,Black-legged kittiwake,breeding,Gadidae,125469,0.03,31.0,REF010
789,1998,55.6167,-1.6483,Farne Islands,Rissa tridactyla,137156,Black-legged kittiwake,breeding,other,,0.0,31.0,REF010
790,1998,55.6167,-1.6483,Farne Islands,Rissa tridactyla,137156,Black-legged kittiwake,breeding,Polychaeta,883,0.0,31.0,REF010
791,1998,55.6167,-1.6483,Farne Islands,Rissa tridactyla,137156,Black-legged kittiwake,breeding,Ammodytidae,125516,0.94,31.0,REF010
792,1998,55.6167,-1.6483,Farne Islands,Rissa tridactyla,137156,Black-legged kittiwake,breeding,Ammodytidae,125516,0.06,31.0,REF010
793,1999,55.6167,-1.6483,Farne Islands,Rissa tridactyla,137156,Black-legged kittiwake,breeding,Ammodytes marinus,126751,1.0,26.0,REF010
794,1999,55.6167,-1.6483,Farne Islands,Rissa tridactyla,137156,Black-legged kittiwake,breeding,Clupeidae,125464,0.0,26.0,REF010
795,1999,55.6167,-1.6483,Farne Islands,Rissa tridactyla,137156,Black-legged kittiwake,breeding,Crustacea,1066,0.0,26.0,REF010
796,1999,55.6167,-1.6483,Farne Islands,Rissa tridactyla,137156,Black-legged kittiwake,breeding,Gadidae,125469,0.0,26.0,REF010
797,1999,55.6167,-1.6483,Farne Islands,Rissa tridactyla,137156,Black-legged kittiwake,breeding,other,,0.0,26.0,REF010
798,1999,55.6167,-1.6483,Farne Islands,Rissa tridactyla,137156,Black-legged kittiwake,breeding,Polychaeta,883,0.0,26.0,REF010
799,1999,55.6167,-1.6483,Farne Islands,Rissa tridactyla,137156,Black-legged kittiwake,breeding,Ammodytidae,125516,0.0,26.0,REF010
800,1999,55.6167,-1.6483,Farne Islands,Rissa tridactyla,137156,Black-legged kittiwake,breeding,Ammodytidae,125516,1.0,26.0,REF010
801,2000,55.6167,-1.6483,Farne Islands,Rissa tridactyla,137156,Black-legged kittiwake,breeding,Ammodytes marinus,126751,0.95,43.0,REF010
802,2000,55.6167,-1.6483,Farne Islands,Rissa tridactyla,137156,Black-legged kittiwake,breeding,Clupeidae,125464,0.21,43.0,REF010
803,2000,55.6167,-1.6483,Farne Islands,Rissa tridactyla,137156,Black-legged kittiwake,breeding,Crustacea,1066,0.0,43.0,REF010
804,2000,55.6167,-1.6483,Farne Islands,Rissa tridactyla,137156,Black-legged kittiwake,breeding,Gadidae,125469,0.05,43.0,REF010
805,2000,55.6167,-1.6483,Farne Islands,Rissa tridactyla,137156,Black-legged kittiwake,breeding,other,,0.0,43.0,REF010
806,2000,55.6167,-1.6483,Farne Islands,Rissa tridactyla,137156,Black-legged kittiwake,breeding,Polychaeta,883,0.0,43.0,REF010
807,2000,55.6167,-1.6483,Farne Islands,Rissa tridactyla,137156,Black-legged kittiwake,breeding,Ammodytidae,125516,0.95,43.0,REF010
808,2000,55.6167,-1.6483,Farne Islands,Rissa tridactyla,137156,Black-legged kittiwake,breeding,Ammodytidae,125516,0.16,43.0,REF010
809,1979,60.13,-2.06,Foula,Rissa tridactyla,137156,Black-legged kittiwake,breeding,Ammodytidae,125516,1.0,,REF022
810,1997,56.03,-3.3,Inchcolm,Rissa tridactyla,137156,Black-legged kittiwake,breeding,Ammodytes marinus,126751,0.18,11.0,REF010
811,1997,56.03,-3.3,Inchcolm,Rissa tridactyla,137156,Black-legged kittiwake,breeding,Clupeidae,125464,0.91,11.0,REF010
812,1997,56.03,-3.3,Inchcolm,Rissa tridactyla,137156,Black-legged kittiwake,breeding,Crustacea,1066,0.18,11.0,REF010
813,1997,56.03,-3.3,Inchcolm,Rissa tridactyla,137156,Black-legged kittiwake,breeding,Gadidae,125469,0.09,11.0,REF010
814,1997,56.03,-3.3,Inchcolm,Rissa tridactyla,137156,Black-legged kittiwake,breeding,other,,0.0,11.0,REF010
815,1997,56.03,-3.3,Inchcolm,Rissa tridactyla,137156,Black-legged kittiwake,breeding,Polychaeta,883,0.0,11.0,REF010
816,1997,56.03,-3.3,Inchcolm,Rissa tridactyla,137156,Black-legged kittiwake,breeding,Ammodytidae,125516,0.18,11.0,REF010
817,1997,56.03,-3.3,Inchcolm,Rissa tridactyla,137156,Black-legged kittiwake,breeding,Ammodytidae,125516,0.0,11.0,REF010
818,1998,56.03,-3.3,Inchcolm,Rissa tridactyla,137156,Black-legged kittiwake,breeding,Ammodytes marinus,126751,0.67,6.0,REF010
819,1998,56.03,-3.3,Inchcolm,Rissa tridactyla,137156,Black-legged kittiwake,breeding,Clupeidae,125464,0.83,6.0,REF010
820,1998,56.03,-3.3,Inchcolm,Rissa tridactyla,137156,Black-legged kittiwake,breeding,Crustacea,1066,0.0,6.0,REF010
821,1998,56.03,-3.3,Inchcolm,Rissa tridactyla,137156,Black-legged kittiwake,breeding,Gadidae,125469,0.0,6.0,REF010
822,1998,56.03,-3.3,Inchcolm,Rissa tridactyla,137156,Black-legged kittiwake,breeding,other,,0.0,6.0,REF010
823,1998,56.03,-3.3,Inchcolm,Rissa tridactyla,137156,Black-legged kittiwake,breeding,Polychaeta,883,0.0,6.0,REF010
824,1998,56.03,-3.3,Inchcolm,Rissa tridactyla,137156,Black-legged kittiwake,breeding,Ammodytidae,125516,0.67,6.0,REF010
825,1998,56.03,-3.3,Inchcolm,Rissa tridactyla,137156,Black-legged kittiwake,breeding,Ammodytidae,125516,0.17,6.0,REF010
826,2000,56.03,-3.3,Inchcolm,Rissa tridactyla,137156,Black-legged kittiwake,breeding,Ammodytes marinus,126751,0.5,14.0,REF010
827,2000,56.03,-3.3,Inchcolm,Rissa tridactyla,137156,Black-legged kittiwake,breeding,Clupeidae,125464,0.71,14.0,REF010
828,2000,56.03,-3.3,Inchcolm,Rissa tridactyla,137156,Black-legged kittiwake,breeding,Crustacea,1066,0.0,14.0,REF010
829,2000,56.03,-3.3,Inchcolm,Rissa tridactyla,137156,Black-legged kittiwake,breeding,Gadidae,125469,0.14,14.0,REF010
830,2000,56.03,-3.3,Inchcolm,Rissa tridactyla,137156,Black-legged kittiwake,breeding,other,,0.0,14.0,REF010
831,2000,56.03,-3.3,Inchcolm,Rissa tridactyla,137156,Black-legged kittiwake,breeding,Polychaeta,883,0.0,14.0,REF010
832,2000,56.03,-3.3,Inchcolm,Rissa tridactyla,137156,Black-legged kittiwake,breeding,Ammodytidae,125516,0.43,14.0,REF010
833,2000,56.03,-3.3,Inchcolm,Rissa tridactyla,137156,Black-legged kittiwake,breeding,Ammodytidae,125516,0.07,14.0,REF010
834,1997,56.03,-3.13,Inchkeith,Rissa tridactyla,137156,Black-legged kittiwake,breeding,Ammodytes marinus,126751,0.06,17.0,REF010
835,1997,56.03,-3.13,Inchkeith,Rissa tridactyla,137156,Black-legged kittiwake,breeding,Clupeidae,125464,0.94,17.0,REF010
836,1997,56.03,-3.13,Inchkeith,Rissa tridactyla,137156,Black-legged kittiwake,breeding,Crustacea,1066,0.06,17.0,REF010
837,1997,56.03,-3.13,Inchkeith,Rissa tridactyla,137156,Black-legged kittiwake,breeding,Gadidae,125469,0.12,17.0,REF010
838,1997,56.03,-3.13,Inchkeith,Rissa tridactyla,137156,Black-legged kittiwake,breeding,other,,0.0,17.0,REF010
839,1997,56.03,-3.13,Inchkeith,Rissa tridactyla,137156,Black-legged kittiwake,breeding,Polychaeta,883,0.0,17.0,REF010
840,1997,56.03,-3.13,Inchkeith,Rissa tridactyla,137156,Black-legged kittiwake,breeding,Ammodytidae,125516,0.06,17.0,REF010
841,1997,56.03,-3.13,Inchkeith,Rissa tridactyla,137156,Black-legged kittiwake,breeding,Ammodytidae,125516,0.0,17.0,REF010
842,1998,56.03,-3.13,Inchkeith,Rissa tridactyla,137156,Black-legged kittiwake,breeding,Ammodytes marinus,126751,0.57,21.0,REF010
843,1998,56.03,-3.13,Inchkeith,Rissa tridactyla,137156,Black-legged kittiwake,breeding,Clupeidae,125464,0.67,21.0,REF010
844,1998,56.03,-3.13,Inchkeith,Rissa tridactyla,137156,Black-legged kittiwake,breeding,Crustacea,1066,0.0,21.0,REF010
845,1998,56.03,-3.13,Inchkeith,Rissa tridactyla,137156,Black-legged kittiwake,breeding,Gadidae,125469,0.19,21.0,REF010
846,1998,56.03,-3.13,Inchkeith,Rissa tridactyla,137156,Black-legged kittiwake,breeding,other,,0.0,21.0,REF010
847,1998,56.03,-3.13,Inchkeith,Rissa tridactyla,137156,Black-legged kittiwake,breeding,Polychaeta,883,0.0,21.0,REF010
848,1998,56.03,-3.13,Inchkeith,Rissa tridactyla,137156,Black-legged kittiwake,breeding,Ammodytidae,125516,0.57,21.0,REF010
849,1998,56.03,-3.13,Inchkeith,Rissa tridactyla,137156,Black-legged kittiwake,breeding,Ammodytidae,125516,0.0,21.0,REF010
850,1999,56.03,-3.13,Inchkeith,Rissa tridactyla,137156,Black-legged kittiwake,breeding,Ammodytes marinus,126751,0.25,16.0,REF010
851,1999,56.03,-3.13,Inchkeith,Rissa tridactyla,137156,Black-legged kittiwake,breeding,Clupeidae,125464,0.75,16.0,REF010
852,1999,56.03,-3.13,Inchkeith,Rissa tridactyla,137156,Black-legged kittiwake,breeding,Crustacea,1066,0.0,16.0,REF010
853,1999,56.03,-3.13,Inchkeith,Rissa tridactyla,137156,Black-legged kittiwake,breeding,Gadidae,125469,0.0,16.0,REF010
854,1999,56.03,-3.13,Inchkeith,Rissa tridactyla,137156,Black-legged kittiwake,breeding,other,,0.0,16.0,REF010
855,1999,56.03,-3.13,Inchkeith,Rissa tridactyla,137156,Black-legged kittiwake,breeding,Polychaeta,883,0.0,16.0,REF010
856,1999,56.03,-3.13,Inchkeith,Rissa tridactyla,137156,Black-legged kittiwake,breeding,Ammodytidae,125516,0.25,16.0,REF010
857,1999,56.03,-3.13,Inchkeith,Rissa tridactyla,137156,Black-legged kittiwake,breeding,Ammodytidae,125516,0.0,16.0,REF010
858,1987,58.38,-3.1,Iresgoe and Inver Hill,Rissa tridactyla,137156,Black-legged kittiwake,breeding,Ammodytidae,125516,1.0,8.0,REF032
859,1987,58.38,-3.1,Iresgoe and Inver Hill,Rissa tridactyla,137156,Black-legged kittiwake,breeding,Clupeidae,125464,0.0,8.0,REF032
860,1987,58.38,-3.1,Iresgoe and Inver Hill,Rissa tridactyla,137156,Black-legged kittiwake,breeding,Crustacea,1066,0.0,8.0,REF032
861,1987,58.38,-3.1,Iresgoe and Inver Hill,Rissa tridactyla,137156,Black-legged kittiwake,breeding,Gadidae,125469,0.0,8.0,REF032
862,1988,58.38,-3.1,Iresgoe and Inver Hill,Rissa tridactyla,137156,Black-legged kittiwake,breeding,Ammodytidae,125516,1.0,15.0,REF032
863,1988,58.38,-3.1,Iresgoe and Inver Hill,Rissa tridactyla,137156,Black-legged kittiwake,breeding,Clupeidae,125464,0.0,15.0,REF032
864,1988,58.38,-3.1,Iresgoe and Inver Hill,Rissa tridactyla,137156,Black-legged kittiwake,breeding,Crustacea,1066,0.0,15.0,REF032
865,1988,58.38,-3.1,Iresgoe and Inver Hill,Rissa tridactyla,137156,Black-legged kittiwake,breeding,Gadidae,125469,0.07,15.0,REF032
866,1982,56.19,-2.56,Isle of May,Rissa tridactyla,137156,Black-legged kittiwake,breeding,Ammodytes marinus,126751,0.952,147.0,REF023
872,1986,56.19,-2.56,Isle of May,Rissa tridactyla,137156,Black-legged kittiwake,breeding,Ammodytes marinus,126751,0.97,35.0,REF017; REF032; REF036; REF064
873,1986,56.19,-2.56,Isle of May,Rissa tridactyla,137156,Black-legged kittiwake,breeding,Clupeidae,125464,0.0,35.0,REF017; REF032; REF036; REF064
874,1986,56.19,-2.56,Isle of May,Rissa tridactyla,137156,Black-legged kittiwake,breeding,Crustacea,1066,0.09,35.0,REF017; REF032; REF036; REF064
875,1986,56.19,-2.56,Isle of May,Rissa tridactyla,137156,Black-legged kittiwake,breeding,Gadidae,125469,0.0,35.0,REF017; REF032; REF036; REF064
878,1987,56.19,-2.56,Isle of May,Rissa tridactyla,137156,Black-legged kittiwake,breeding,Ammodytes marinus,126751,0.94,17.0,REF017; REF032; REF036; REF064
879,1987,56.19,-2.56,Isle of May,Rissa tridactyla,137156,Black-legged kittiwake,breeding,Clupeidae,125464,0.06,17.0,REF017; REF032; REF036; REF064
880,1987,56.19,-2.56,Isle of May,Rissa tridactyla,137156,Black-legged kittiwake,breeding,Crustacea,1066,0.06,17.0,REF017; REF032; REF036; REF064
881,1987,56.19,-2.56,Isle of May,Rissa tridactyla,137156,Black-legged kittiwake,breeding,Gadidae,125469,0.0,17.0,REF017; REF032; REF036; REF064
884,1988,56.19,-2.56,Isle of May,Rissa tridactyla,137156,Black-legged kittiwake,breeding,Ammodytes marinus,126751,0.79,32.0,REF017; REF032; REF036; REF064
885,1988,56.19,-2.56,Isle of May,Rissa tridactyla,137156,Black-legged kittiwake,breeding,Clupeidae,125464,0.11,32.0,REF017; REF032; REF036; REF064
886,1988,56.19,-2.56,Isle of May,Rissa tridactyla,137156,Black-legged kittiwake,breeding,Crustacea,1066,0.0,32.0,REF017; REF032; REF036; REF064
887,1988,56.19,-2.56,Isle of May,Rissa tridactyla,137156,Black-legged kittiwake,breeding,Gadidae,125469,0.0,32.0,REF017; REF032; REF036; REF064
890,1989,56.19,-2.56,Isle of May,Rissa tridactyla,137156,Black-legged kittiwake,breeding,Ammodytes marinus,126751,1.0,25.0,REF017; REF035; REF064; REF091
891,1989,56.19,-2.56,Isle of May,Rissa tridactyla,137156,Black-legged kittiwake,breeding,Clupeidae,125464,0.0,25.0,REF017; REF035; REF064; REF091
892,1989,56.19,-2.56,Isle of May,Rissa tridactyla,137156,Black-legged kittiwake,breeding,Crustacea,1066,0.0,25.0,REF017; REF035; REF064; REF091
893,1989,56.19,-2.56,Isle of May,Rissa tridactyla,137156,Black-legged kittiwake,breeding,other,,0.08,25.0,REF017; REF035; REF064; REF091
894,1989,56.19,-2.56,Isle of May,Rissa tridactyla,137156,Black-legged kittiwake,breeding,Ammodytidae,125516,0.88,25.0,REF017; REF035; REF064; REF091
896,1990,56.19,-2.56,Isle of May,Rissa tridactyla,137156,Black-legged kittiwake,breeding,Ammodytes marinus,126751,1.0,9.0,REF017; REF035; REF064; REF091
897,1990,56.19,-2.56,Isle of May,Rissa tridactyla,137156,Black-legged kittiwake,breeding,Clupeidae,125464,0.11,9.0,REF017; REF035; REF064; REF091
898,1990,56.19,-2.56,Isle of May,Rissa tridactyla,137156,Black-legged kittiwake,breeding,Crustacea,1066,0.0,9.0,REF017; REF035; REF064; REF091
900,1990,56.19,-2.56,Isle of May,Rissa tridactyla,137156,Black-legged kittiwake,breeding,Ammodytidae,125516,0.79,9.0,REF017; REF035; REF064; REF091
902,1991,56.19,-2.56,Isle of May,Rissa tridactyla,137156,Black-legged kittiwake,breeding,Ammodytes marinus,126751,0.67,9.0,REF017; REF035; REF064
903,1991,56.19,-2.56,Isle of May,Rissa tridactyla,137156,Black-legged kittiwake,breeding,Clupeidae,125464,0.11,9.0,REF017; REF035; REF064
904,1991,56.19,-2.56,Isle of May,Rissa tridactyla,137156,Black-legged kittiwake,breeding,Crustacea,1066,0.0,9.0,REF017; REF035; REF064
905,1991,56.19,-2.56,Isle of May,Rissa tridactyla,137156,Black-legged kittiwake,breeding,other,,0.44,9.0,REF017; REF035; REF064
906,1991,56.19,-2.56,Isle of May,Rissa tridactyla,137156,Black-legged kittiwake,breeding,Ammodytidae,125516,0.33,9.0,REF017; REF035; REF064
908,1992,56.19,-2.56,Isle of May,Rissa tridactyla,137156,Black-legged kittiwake,breeding,Ammodytes marinus,126751,0.81,26.0,REF017; REF035; REF064
909,1992,56.19,-2.56,Isle of May,Rissa tridactyla,137156,Black-legged kittiwake,breeding,Clupeidae,125464,0.12,26.0,REF017; REF035; REF064
910,1992,56.19,-2.56,Isle of May,Rissa tridactyla,137156,Black-legged kittiwake,breeding,Crustacea,1066,0.0,26.0,REF017; REF035; REF064
912,1992,56.19,-2.56,Isle of May,Rissa tridactyla,137156,Black-legged kittiwake,breeding,Ammodytidae,125516,0.5,26.0,REF017; REF035; REF064
914,1993,56.19,-2.56,Isle of May,Rissa tridactyla,137156,Black-legged kittiwake,breeding,Ammodytes marinus,126751,0.73,56.0,REF017; REF035; REF064
915,1993,56.19,-2.56,Isle of May,Rissa tridactyla,137156,Black-legged kittiwake,breeding,Clupeidae,125464,0.16,56.0,REF017; REF035; REF064
916,1993,56.19,-2.56,Isle of May,Rissa tridactyla,137156,Black-legged kittiwake,breeding,Crustacea,1066,0.04,56.0,REF017; REF035; REF064
917,1993,56.19,-2.56,Isle of May,Rissa tridactyla,137156,Black-legged kittiwake,breeding,other,,0.3,56.0,REF017; REF035; REF064
918,1993,56.19,-2.56,Isle of May,Rissa tridactyla,137156,Black-legged kittiwake,breeding,Ammodytidae,125516,0.59,56.0,REF017; REF035; REF064
920,1994,56.19,-2.56,Isle of May,Rissa tridactyla,137156,Black-legged kittiwake,breeding,Ammodytes marinus,126751,0.89,63.0,REF017; REF035; REF064
921,1994,56.19,-2.56,Isle of May,Rissa tridactyla,137156,Black-legged kittiwake,breeding,Clupeidae,125464,0.4,63.0,REF017; REF035; REF064
922,1994,56.19,-2.56,Isle of May,Rissa tridactyla,137156,Black-legged kittiwake,breeding,Crustacea,1066,0.0,63.0,REF017; REF035; REF064
923,1994,56.19,-2.56,Isle of May,Rissa tridactyla,137156,Black-legged kittiwake,breeding,other,,0.1,63.0,REF017; REF035; REF064
924,1994,56.19,-2.56,Isle of May,Rissa tridactyla,137156,Black-legged kittiwake,breeding,Ammodytidae,125516,0.81,63.0,REF017; REF035; REF064
926,1995,56.19,-2.56,Isle of May,Rissa tridactyla,137156,Black-legged kittiwake,breeding,Ammodytes marinus,126751,0.91,47.0,REF017; REF035; REF064
927,1995,56.19,-2.56,Isle of May,Rissa tridactyla,137156,Black-legged kittiwake,breeding,Clupeidae,125464,0.13,47.0,REF017; REF035; REF064
928,1995,56.19,-2.56,Isle of May,Rissa tridactyla,137156,Black-legged kittiwake,breeding,Crustacea,1066,0.04,47.0,REF017; REF035; REF064
929,1995,56.19,-2.56,Isle of May,Rissa tridactyla,137156,Black-legged kittiwake,breeding,other,,0.04,47.0,REF017; REF035; REF064
930,1995,56.19,-2.56,Isle of May,Rissa tridactyla,137156,Black-legged kittiwake,breeding,Ammodytidae,125516,0.87,47.0,REF017; REF035; REF064
932,1996,56.19,-2.56,Isle of May,Rissa tridactyla,137156,Black-legged kittiwake,breeding,Ammodytes marinus,126751,0.91,43.0,REF017; REF035; REF064
933,1996,56.19,-2.56,Isle of May,Rissa tridactyla,137156,Black-legged kittiwake,breeding,Clupeidae,125464,0.28,43.0,REF017; REF035; REF064
934,1996,56.19,-2.56,Isle of May,Rissa tridactyla,137156,Black-legged kittiwake,breeding,Crustacea,1066,0.0,43.0,REF017; REF035; REF064
935,1996,56.19,-2.56,Isle of May,Rissa tridactyla,137156,Black-legged kittiwake,breeding,other,,0.07,43.0,REF017; REF035; REF064
938,1997,56.19,-2.56,Isle of May,Rissa tridactyla,137156,Black-legged kittiwake,breeding,Ammodytes marinus,126751,1.0,54.0,REF017; REF010
939,1997,56.19,-2.56,Isle of May,Rissa tridactyla,137156,Black-legged kittiwake,breeding,Ammodytes marinus,126751,0.93,116.0,REF044
940,1997,56.19,-2.56,Isle of May,Rissa tridactyla,137156,Black-legged kittiwake,non-breeding,Ammodytes marinus,126751,0.0,2.0,REF044
941,1997,56.19,-2.56,Isle of May,Rissa tridactyla,137156,Black-legged kittiwake,breeding,Clupeidae,125464,0.09,54.0,REF017; REF010
942,1997,56.19,-2.56,Isle of May,Rissa tridactyla,137156,Black-legged kittiwake,breeding,Clupeidae,125464,0.1,116.0,REF044
943,1997,56.19,-2.56,Isle of May,Rissa tridactyla,137156,Black-legged kittiwake,non-breeding,Clupeidae,125464,0.0,2.0,REF044
944,1997,56.19,-2.56,Isle of May,Rissa tridactyla,137156,Black-legged kittiwake,breeding,Crustacea,1066,0.02,54.0,REF017; REF010
945,1997,56.19,-2.56,Isle of May,Rissa tridactyla,137156,Black-legged kittiwake,breeding,Crustacea,1066,0.1,116.0,REF044
946,1997,56.19,-2.56,Isle of May,Rissa tridactyla,137156,Black-legged kittiwake,non-breeding,Crustacea,1066,1.0,2.0,REF044
947,1997,56.19,-2.56,Isle of May,Rissa tridactyla,137156,Black-legged kittiwake,breeding,Gadidae,125469,0.04,54.0,REF017; REF010
948,1997,56.19,-2.56,Isle of May,Rissa tridactyla,137156,Black-legged kittiwake,breeding,Gadidae,125469,0.06,116.0,REF044
949,1997,56.19,-2.56,Isle of May,Rissa tridactyla,137156,Black-legged kittiwake,non-breeding,Gadidae,125469,0.0,2.0,REF044
950,1997,56.19,-2.56,Isle of May,Rissa tridactyla,137156,Black-legged kittiwake,breeding,other,,0.02,54.0,REF017; REF010
951,1997,56.19,-2.56,Isle of May,Rissa tridactyla,137156,Black-legged kittiwake,breeding,other,,0.01,116.0,REF044
952,1997,56.19,-2.56,Isle of May,Rissa tridactyla,137156,Black-legged kittiwake,non-breeding,other,,0.0,2.0,REF044
953,1997,56.19,-2.56,Isle of May,Rissa tridactyla,137156,Black-legged kittiwake,breeding,Polychaeta,883,0.0,54.0,REF017; REF010
956,1997,56.19,-2.56,Isle of May,Rissa tridactyla,137156,Black-legged kittiwake,breeding,Ammodytidae,125516,0.44,116.0,REF044
957,1997,56.19,-2.56,Isle of May,Rissa tridactyla,137156,Black-legged kittiwake,breeding,Ammodytidae,125516,0.61,116.0,REF044
958,1997,56.19,-2.56,Isle of May,Rissa tridactyla,137156,Black-legged kittiwake,non-breeding,Ammodytidae,125516,0.0,2.0,REF044
959,1997,56.19,-2.56,Isle of May,Rissa tridactyla,137156,Black-legged kittiwake,non-breeding,Ammodytidae,125516,0.0,2.0,REF044
960,1998,56.19,-2.56,Isle of May,Rissa tridactyla,137156,Black-legged kittiwake,breeding,Ammodytes marinus,126751,0.89,110.0,REF017; REF037; REF010
961,1998,56.19,-2.56,Isle of May,Rissa tridactyla,137156,Black-legged kittiwake,breeding,Ammodytes marinus,126751,0.87,217.0,REF044
962,1998,56.19,-2.56,Isle of May,Rissa tridactyla,137156,Black-legged kittiwake,non-breeding,Ammodytes marinus,126751,0.86,22.0,REF044
963,1998,56.19,-2.56,Isle of May,Rissa tridactyla,137156,Black-legged kittiwake,breeding,Clupeidae,125464,0.17,110.0,REF017; REF037; REF010
964,1998,56.19,-2.56,Isle of May,Rissa tridactyla,137156,Black-legged kittiwake,breeding,Clupeidae,125464,0.14,217.0,REF044
965,1998,56.19,-2.56,Isle of May,Rissa tridactyla,137156,Black-legged kittiwake,non-breeding,Clupeidae,125464,0.14,22.0,REF044
966,1998,56.19,-2.56,Isle of May,Rissa tridactyla,137156,Black-legged kittiwake,breeding,Crustacea,1066,0.06,217.0,REF044
967,1998,56.19,-2.56,Isle of May,Rissa tridactyla,137156,Black-legged kittiwake,non-breeding,Crustacea,1066,0.55,22.0,REF044
968,1998,56.19,-2.56,Isle of May,Rissa tridactyla,137156,Black-legged kittiwake,breeding,Gadidae,125469,0.03,110.0,REF017; REF037; REF010
969,1998,56.19,-2.56,Isle of May,Rissa tridactyla,137156,Black-legged kittiwake,breeding,Gadidae,125469,0.03,217.0,REF044
970,1998,56.19,-2.56,Isle of May,Rissa tridactyla,137156,Black-legged kittiwake,non-breeding,Gadidae,125469,0.0,22.0,REF044
971,1998,56.19,-2.56,Isle of May,Rissa tridactyla,137156,Black-legged kittiwake,breeding,other,,0.02,110.0,REF017; REF037; REF010
972,1998,56.19,-2.56,Isle of May,Rissa tridactyla,137156,Black-legged kittiwake,breeding,other,,0.05,217.0,REF044
973,1998,56.19,-2.56,Isle of May,Rissa tridactyla,137156,Black-legged kittiwake,non-breeding,other,,0.0,22.0,REF044
974,1998,56.19,-2.56,Isle of May,Rissa tridactyla,137156,Black-legged kittiwake,breeding,Polychaeta,883,0.02,110.0,REF017; REF037; REF010
975,1998,56.19,-2.56,Isle of May,Rissa tridactyla,137156,Black-legged kittiwake,breeding,Polychaeta,883,0.03,217.0,REF044
976,1998,56.19,-2.56,Isle of May,Rissa tridactyla,137156,Black-legged kittiwake,non-breeding,Polychaeta,883,0.14,22.0,REF044
979,1998,56.19,-2.56,Isle of May,Rissa tridactyla,137156,Black-legged kittiwake,breeding,Ammodytidae,125516,0.39,217.0,REF044
980,1998,56.19,-2.56,Isle of May,Rissa tridactyla,137156,Black-legged kittiwake,breeding,Ammodytidae,125516,0.59,217.0,REF044
981,1998,56.19,-2.56,Isle of May,Rissa tridactyla,137156,Black-legged kittiwake,non-breeding,Ammodytidae,125516,0.0,22.0,REF044
982,1998,56.19,-2.56,Isle of May,Rissa tridactyla,137156,Black-legged kittiwake,non-breeding,Ammodytidae,125516,0.86,22.0,REF044
983,1999,56.19,-2.56,Isle of May,Rissa tridactyla,137156,Black-legged kittiwake,breeding,Ammodytes marinus,126751,0.88,144.0,REF010; REF008; REF017
984,1999,56.19,-2.56,Isle of May,Rissa tridactyla,137156,Black-legged kittiwake,breeding,Ammodytes marinus,126751,0.88,181.0,REF044
985,1999,56.19,-2.56,Isle of May,Rissa tridactyla,137156,Black-legged kittiwake,non-breeding,Ammodytes marinus,126751,0.2,5.0,REF044
986,1999,56.19,-2.56,Isle of May,Rissa tridactyla,137156,Black-legged kittiwake,breeding,Clupeidae,125464,0.27,144.0,REF010; REF008; REF017
987,1999,56.19,-2.56,Isle of May,Rissa tridactyla,137156,Black-legged kittiwake,breeding,Clupeidae,125464,0.2,181.0,REF044
988,1999,56.19,-2.56,Isle of May,Rissa tridactyla,137156,Black-legged kittiwake,non-breeding,Clupeidae,125464,0.2,5.0,REF044
989,1999,56.19,-2.56,Isle of May,Rissa tridactyla,137156,Black-legged kittiwake,breeding,Crustacea,1066,0.07,144.0,REF010; REF008; REF017
990,1999,56.19,-2.56,Isle of May,Rissa tridactyla,137156,Black-legged kittiwake,breeding,Crustacea,1066,0.09,181.0,REF044
991,1999,56.19,-2.56,Isle of May,Rissa tridactyla,137156,Black-legged kittiwake,non-breeding,Crustacea,1066,0.6,5.0,REF044
992,1999,56.19,-2.56,Isle of May,Rissa tridactyla,137156,Black-legged kittiwake,breeding,Gadidae,125469,0.1,144.0,REF010; REF008; REF017
993,1999,56.19,-2.56,Isle of May,Rissa tridactyla,137156,Black-legged kittiwake,breeding,Gadidae,125469,0.1,181.0,REF044
994,1999,56.19,-2.56,Isle of May,Rissa tridactyla,137156,Black-legged kittiwake,non-breeding,Gadidae,125469,0.0,5.0,REF044
995,1999,56.19,-2.56,Isle of May,Rissa tridactyla,137156,Black-legged kittiwake,breeding,other,,0.01,144.0,REF010; REF008; REF017
996,1999,56.19,-2.56,Isle of May,Rissa tridactyla,137156,Black-legged kittiwake,breeding,Polychaeta,883,0.0,144.0,REF010; REF008; REF017
999,1999,56.19,-2.56,Isle of May,Rissa tridactyla,137156,Black-legged kittiwake,breeding,Ammodytidae,125516,0.56,181.0,REF044
1000,1999,56.19,-2.56,Isle of May,Rissa tridactyla,137156,Black-legged kittiwake,breeding,Ammodytidae,125516,0.43,181.0,REF044
1001,1999,56.19,-2.56,Isle of May,Rissa tridactyla,137156,Black-legged kittiwake,non-breeding,Ammodytidae,125516,0.0,5.0,REF044
1002,1999,56.19,-2.56,Isle of May,Rissa tridactyla,137156,Black-legged kittiwake,non-breeding,Ammodytidae,125516,0.2,5.0,REF044
1003,2000,56.19,-2.56,Isle of May,Rissa tridactyla,137156,Black-legged kittiwake,breeding,Ammodytes marinus,126751,1.0,91.0,REF017; REF010; REF009
1004,2000,56.19,-2.56,Isle of May,Rissa tridactyla,137156,Black-legged kittiwake,breeding,Ammodytes marinus,126751,0.94,171.0,REF044
1005,2000,56.19,-2.56,Isle of May,Rissa tridactyla,137156,Black-legged kittiwake,non-breeding,Ammodytes marinus,126751,0.17,6.0,REF044
1006,2000,56.19,-2.56,Isle of May,Rissa tridactyla,137156,Black-legged kittiwake,breeding,Clupeidae,125464,0.19,91.0,REF017; REF010; REF009
1007,2000,56.19,-2.56,Isle of May,Rissa tridactyla,137156,Black-legged kittiwake,breeding,Clupeidae,125464,0.15,171.0,REF044
1008,2000,56.19,-2.56,Isle of May,Rissa tridactyla,137156,Black-legged kittiwake,non-breeding,Clupeidae,125464,0.0,6.0,REF044
1009,2000,56.19,-2.56,Isle of May,Rissa tridactyla,137156,Black-legged kittiwake,breeding,Crustacea,1066,0.0,91.0,REF017; REF010; REF009
1010,2000,56.19,-2.56,Isle of May,Rissa tridactyla,137156,Black-legged kittiwake,breeding,Crustacea,1066,0.05,171.0,REF044
1011,2000,56.19,-2.56,Isle of May,Rissa tridactyla,137156,Black-legged kittiwake,non-breeding,Crustacea,1066,1.0,6.0,REF044
1012,2000,56.19,-2.56,Isle of May,Rissa tridactyla,137156,Black-legged kittiwake,breeding,Gadidae,125469,0.05,91.0,REF017; REF010; REF009
1013,2000,56.19,-2.56,Isle of May,Rissa tridactyla,137156,Black-legged kittiwake,breeding,Gadidae,125469,0.06,171.0,REF044
1014,2000,56.19,-2.56,Isle of May,Rissa tridactyla,137156,Black-legged kittiwake,non-breeding,Gadidae,125469,0.0,6.0,REF044
1015,2000,56.19,-2.56,Isle of May,Rissa tridactyla,137156,Black-legged kittiwake,breeding,other,,0.01,91.0,REF017; REF010; REF009
1016,2000,56.19,-2.56,Isle of May,Rissa tridactyla,137156,Black-legged kittiwake,breeding,Polychaeta,883,0.0,91.0,REF017; REF010; REF009
1019,2000,56.19,-2.56,Isle of May,Rissa tridactyla,137156,Black-legged kittiwake,breeding,Ammodytidae,125516,0.64,171.0,REF044
1020,2000,56.19,-2.56,Isle of May,Rissa tridactyla,137156,Black-legged kittiwake,breeding,Ammodytidae,125516,0.42,171.0,REF044
1021,2000,56.19,-2.56,Isle of May,Rissa tridactyla,137156,Black-legged kittiwake,non-breeding,Ammodytidae,125516,0.0,6.0,REF044
1022,2000,56.19,-2.56,Isle of May,Rissa tridactyla,137156,Black-legged kittiwake,non-breeding,Ammodytidae,125516,0.17,6.0,REF044
1023,2001,56.19,-2.56,Isle of May,Rissa tridactyla,137156,Black-legged kittiwake,breeding,Ammodytes marinus,126751,0.88,60.0,REF017; REF095
1024,2001,56.19,-2.56,Isle of May,Rissa tridactyla,137156,Black-legged kittiwake,breeding,Clupeidae,125464,0.33,60.0,REF017; REF095
1025,2001,56.19,-2.56,Isle of May,Rissa tridactyla,137156,Black-legged kittiwake,breeding,Gadidae,125469,0.08,60.0,REF017; REF095
1029,2002,56.19,-2.56,Isle of May,Rissa tridactyla,137156,Black-legged kittiwake,breeding,Ammodytes marinus,126751,0.97,76.0,REF017; REF096
1030,2002,56.19,-2.56,Isle of May,Rissa tridactyla,137156,Black-legged kittiwake,breeding,Clupeidae,125464,0.04,76.0,REF017; REF096
1031,2002,56.19,-2.56,Isle of May,Rissa tridactyla,137156,Black-legged kittiwake,breeding,Gadidae,125469,0.09,76.0,REF017; REF096
1032,2002,56.19,-2.56,Isle of May,Rissa tridactyla,137156,Black-legged kittiwake,breeding,other,,0.01,76.0,REF017; REF096
1035,2003,56.19,-2.56,Isle of May,Rissa tridactyla,137156,Black-legged kittiwake,breeding,Ammodytes marinus,126751,0.98,134.0,REF017; REF098
1036,2003,56.19,-2.56,Isle of May,Rissa tridactyla,137156,Black-legged kittiwake,breeding,Clupeidae,125464,0.16,134.0,REF017; REF098
1037,2003,56.19,-2.56,Isle of May,Rissa tridactyla,137156,Black-legged kittiwake,breeding,Gadidae,125469,0.02,134.0,REF017; REF098
1041,2004,56.19,-2.56,Isle of May,Rissa tridactyla,137156,Black-legged kittiwake,breeding,Ammodytes marinus,126751,0.92,120.0,REF017; REF039
1042,2004,56.19,-2.56,Isle of May,Rissa tridactyla,137156,Black-legged kittiwake,breeding,Clupeidae,125464,0.32,120.0,REF017; REF039
1043,2004,56.19,-2.56,Isle of May,Rissa tridactyla,137156,Black-legged kittiwake,breeding,Gadidae,125469,0.08,120.0,REF017; REF039
1044,2004,56.19,-2.56,Isle of May,Rissa tridactyla,137156,Black-legged kittiwake,breeding,other,,0.01,120.0,REF017; REF039
1047,2005,56.19,-2.56,Isle of May,Rissa tridactyla,137156,Black-legged kittiwake,breeding,Ammodytes marinus,126751,1.0,116.0,REF017; REF051
1049,2005,56.19,-2.56,Isle of May,Rissa tridactyla,137156,Black-legged kittiwake,breeding,Gadidae,125469,0.12,116.0,REF017; REF051
1050,2005,56.19,-2.56,Isle of May,Rissa tridactyla,137156,Black-legged kittiwake,breeding,other,,0.01,116.0,REF017; REF051
1053,2006,56.19,-2.56,Isle of May,Rissa tridactyla,137156,Black-legged kittiwake,breeding,Ammodytes marinus,126751,0.79,53.0,REF017; REF050
1054,2006,56.19,-2.56,Isle of May,Rissa tridactyla,137156,Black-legged kittiwake,breeding,Clupeidae,125464,0.42,53.0,REF017; REF050
1055,2006,56.19,-2.56,Isle of May,Rissa tridactyla,137156,Black-legged kittiwake,breeding,Cottidae,125589,0.01,53.0,REF017; REF050
1056,2006,56.19,-2.56,Isle of May,Rissa tridactyla,137156,Black-legged kittiwake,breeding,Entelurus aequoreus,127379,0.43,53.0,REF017; REF050
1057,2006,56.19,-2.56,Isle of May,Rissa tridactyla,137156,Black-legged kittiwake,breeding,Gadidae,125469,0.13,53.0,REF017; REF050
1061,2007,56.19,-2.56,Isle of May,Rissa tridactyla,137156,Black-legged kittiwake,breeding,Ammodytes marinus,126751,0.71,61.0,REF017; REF052
1062,2007,56.19,-2.56,Isle of May,Rissa tridactyla,137156,Black-legged kittiwake,breeding,Clupeidae,125464,0.39,61.0,REF017; REF052
1063,2007,56.19,-2.56,Isle of May,Rissa tridactyla,137156,Black-legged kittiwake,breeding,Entelurus aequoreus,127379,0.39,61.0,REF017; REF052
1064,2007,56.19,-2.56,Isle of May,Rissa tridactyla,137156,Black-legged kittiwake,breeding,Gadidae,125469,0.28,61.0,REF017; REF052
1066,2007,56.19,-2.56,Isle of May,Rissa tridactyla,137156,Black-legged kittiwake,breeding,Pleuronectidae,125579,0.02,61.0,REF017; REF052
1069,2008,56.19,-2.56,Isle of May,Rissa tridactyla,137156,Black-legged kittiwake,breeding,Ammodytes marinus,126751,0.76,46.0,REF017; REF053
1070,2008,56.19,-2.56,Isle of May,Rissa tridactyla,137156,Black-legged kittiwake,breeding,Clupeidae,125464,0.57,46.0,REF017; REF053
1071,2008,56.19,-2.56,Isle of May,Rissa tridactyla,137156,Black-legged kittiwake,breeding,Entelurus aequoreus,127379,0.39,46.0,REF017; REF053
1072,2008,56.19,-2.56,Isle of May,Rissa tridactyla,137156,Black-legged kittiwake,breeding,Gadidae,125469,0.41,46.0,REF017; REF053
1076,2009,56.19,-2.56,Isle of May,Rissa tridactyla,137156,Black-legged kittiwake,breeding,Ammodytes marinus,126751,0.963,80.0,REF017; REF054
1077,2009,56.19,-2.56,Isle of May,Rissa tridactyla,137156,Black-legged kittiwake,breeding,Clupeidae,125464,0.35,80.0,REF017; REF054
1078,2009,56.19,-2.56,Isle of May,Rissa tridactyla,137156,Black-legged kittiwake,breeding,Gadidae,125469,0.11,80.0,REF017; REF054
1082,2010,56.19,-2.56,Isle of May,Rissa tridactyla,137156,Black-legged kittiwake,breeding,Ammodytes marinus,126751,0.569,65.0,REF017; REF055
1083,2010,56.19,-2.56,Isle of May,Rissa tridactyla,137156,Black-legged kittiwake,breeding,Clupeidae,125464,0.62,65.0,REF017; REF055
1084,2010,56.19,-2.56,Isle of May,Rissa tridactyla,137156,Black-legged kittiwake,breeding,Gadidae,125469,0.05,65.0,REF017; REF055
1088,2011,56.19,-2.56,Isle of May,Rissa tridactyla,137156,Black-legged kittiwake,breeding,Ammodytes marinus,126751,0.791,43.0,REF017; REF056
1089,2011,56.19,-2.56,Isle of May,Rissa tridactyla,137156,Black-legged kittiwake,breeding,Clupeidae,125464,0.767,43.0,REF017; REF056
1090,2011,56.19,-2.56,Isle of May,Rissa tridactyla,137156,Black-legged kittiwake,breeding,Gadidae,125469,0.535,43.0,REF017; REF056
1095,2012,56.19,-2.56,Isle of May,Rissa tridactyla,137156,Black-legged kittiwake,breeding,Ammodytes marinus,126751,1.0,59.0,REF017; REF057
1096,2012,56.19,-2.56,Isle of May,Rissa tridactyla,137156,Black-legged kittiwake,breeding,Clupeidae,125464,0.46,59.0,REF017; REF057
1097,2012,56.19,-2.56,Isle of May,Rissa tridactyla,137156,Black-legged kittiwake,breeding,Gadidae,125469,0.2,59.0,REF017; REF057
1101,2013,56.19,-2.56,Isle of May,Rissa tridactyla,137156,Black-legged kittiwake,breeding,Ammodytes marinus,126751,0.92,38.0,REF017; REF058
1102,2013,56.19,-2.56,Isle of May,Rissa tridactyla,137156,Black-legged kittiwake,breeding,Clupeidae,125464,0.47,38.0,REF017; REF058
1103,2013,56.19,-2.56,Isle of May,Rissa tridactyla,137156,Black-legged kittiwake,breeding,Gadidae,125469,0.18,38.0,REF017; REF058
1107,2014,56.19,-2.56,Isle of May,Rissa tridactyla,137156,Black-legged kittiwake,breeding,Ammodytes marinus,126751,0.94,67.0,REF017; REF059
1110,2014,56.19,-2.56,Isle of May,Rissa tridactyla,137156,Black-legged kittiwake,breeding,Clupeidae,125464,0.51,67.0,REF017; REF059
1111,2014,56.19,-2.56,Isle of May,Rissa tridactyla,137156,Black-legged kittiwake,breeding,Gadidae,125469,0.06,67.0,REF017; REF059
1112,2014,56.19,-2.56,Isle of May,Rissa tridactyla,137156,Black-legged kittiwake,breeding,Lotidae,125470,0.09,67.0,REF017; REF059
1114,2015,56.19,-2.56,Isle of May,Rissa tridactyla,137156,Black-legged kittiwake,breeding,Ammodytes marinus,126751,0.8,61.0,REF060
1115,2015,56.19,-2.56,Isle of May,Rissa tridactyla,137156,Black-legged kittiwake,breeding,Clupeidae,125464,0.48,61.0,REF060
1117,2015,56.19,-2.56,Isle of May,Rissa tridactyla,137156,Black-legged kittiwake,breeding,Gadidae,125469,0.23,61.0,REF060
1118,2015,56.19,-2.56,Isle of May,Rissa tridactyla,137156,Black-legged kittiwake,breeding,Lotidae,125470,0.23,61.0,REF060
1119,2009,53.49,-6.02,Lambay,Rissa tridactyla,137156,Black-legged kittiwake,breeding,Ammodytidae,125516,0.125,8.0,REF013
1120,2009,53.49,-6.02,Lambay,Rissa tridactyla,137156,Black-legged kittiwake,breeding,Clupeidae,125464,1.0,8.0,REF013
1121,2009,53.49,-6.02,Lambay,Rissa tridactyla,137156,Black-legged kittiwake,breeding,Gadidae,125469,0.375,8.0,REF013
1122,2010,53.49,-6.02,Lambay,Rissa tridactyla,137156,Black-legged kittiwake,breeding,Ammodytidae,125516,0.677,15.0,REF013
1123,2010,53.49,-6.02,Lambay,Rissa tridactyla,137156,Black-legged kittiwake,breeding,Clupeidae,125464,0.733,15.0,REF013
1124,2010,53.49,-6.02,Lambay,Rissa tridactyla,137156,Black-legged kittiwake,breeding,Gadidae,125469,0.267,15.0,REF013
1135,2009,55.29,-6.19,Rathlin,Rissa tridactyla,137156,Black-legged kittiwake,breeding,Ammodytidae,125516,0.095,21.0,REF013
1136,2009,55.29,-6.19,Rathlin,Rissa tridactyla,137156,Black-legged kittiwake,breeding,Clupeidae,125464,1.0,21.0,REF013
1137,2009,55.29,-6.19,Rathlin,Rissa tridactyla,137156,Black-legged kittiwake,breeding,Gadidae,125469,0.0,21.0,REF013
1138,2010,55.29,-6.19,Rathlin,Rissa tridactyla,137156,Black-legged kittiwake,breeding,Ammodytidae,125516,0.0,4.0,REF013
1139,2010,55.29,-6.19,Rathlin,Rissa tridactyla,137156,Black-legged kittiwake,breeding,Clupeidae,125464,1.0,4.0,REF013
1140,2010,55.29,-6.19,Rathlin,Rissa tridactyla,137156,Black-legged kittiwake,breeding,Gadidae,125469,0.0,4.0,REF013
1143,1986,59.08,-4.41,Sule Skerry,Rissa tridactyla,137156,Black-legged kittiwake,breeding,Ammodytidae,125516,1.0,4.0,REF032
1144,1986,59.08,-4.41,Sule Skerry,Rissa tridactyla,137156,Black-legged kittiwake,breeding,Clupeidae,125464,0.0,4.0,REF032
1145,1986,59.08,-4.41,Sule Skerry,Rissa tridactyla,137156,Black-legged kittiwake,breeding,Crustacea,1066,0.0,4.0,REF032
1146,1986,59.08,-4.41,Sule Skerry,Rissa tridactyla,137156,Black-legged kittiwake,breeding,Gadidae,125469,0.0,4.0,REF032
1147,1987,59.85429,-1.2753087,Sumburgh Head,Rissa tridactyla,137156,Black-legged kittiwake,breeding,Ammodytidae,125516,0.5,2.0,REF032
1148,1987,59.85429,-1.2753087,Sumburgh Head,Rissa tridactyla,137156,Black-legged kittiwake,breeding,Clupeidae,125464,0.0,2.0,REF032
1149,1987,59.85429,-1.2753087,Sumburgh Head,Rissa tridactyla,137156,Black-legged kittiwake,breeding,Crustacea,1066,0.0,2.0,REF032
1150,1987,59.85429,-1.2753087,Sumburgh Head,Rissa tridactyla,137156,Black-legged kittiwake,breeding,Gadidae,125469,0.0,2.0,REF032
1151,1988,59.85429,-1.2753087,Sumburgh Head,Rissa tridactyla,137156,Black-legged kittiwake,breeding,Ammodytidae,125516,0.0,1.0,REF032
1152,1988,59.85429,-1.2753087,Sumburgh Head,Rissa tridactyla,137156,Black-legged kittiwake,breeding,Crustacea,1066,0.0,1.0,REF032
1153,1988,59.85429,-1.2753087,Sumburgh Head,Rissa tridactyla,137156,Black-legged kittiwake,breeding,Gadidae,125469,1.0,1.0,REF032
1175,2008,52.48,1.75,Lowestoft,Rissa tridactyla,137156,Black-legged kittiwake,breeding,Ammodytidae,125516,0.71,14.0,REF012
1176,2008,52.48,1.75,Lowestoft,Rissa tridactyla,137156,Black-legged kittiwake,breeding,Clupeidae,125464,0.79,14.0,REF012
1177,2008,52.48,1.75,Lowestoft,Rissa tridactyla,137156,Black-legged kittiwake,breeding,Crustacea,1066,0.14,14.0,REF012
1178,2008,52.48,1.75,Lowestoft,Rissa tridactyla,137156,Black-legged kittiwake,breeding,Mollusca,51,0.07,14.0,REF012
1179,2009,52.48,1.75,Lowestoft,Rissa tridactyla,137156,Black-legged kittiwake,breeding,Ammodytidae,125516,0.24,17.0,REF012
1180,2009,52.48,1.75,Lowestoft,Rissa tridactyla,137156,Black-legged kittiwake,breeding,Clupeidae,125464,0.82,17.0,REF012
1181,2009,52.48,1.75,Lowestoft,Rissa tridactyla,137156,Black-legged kittiwake,breeding,Gadidae,125469,0.18,17.0,REF012
1182,2010,52.48,1.75,Lowestoft,Rissa tridactyla,137156,Black-legged kittiwake,breeding,Ammodytidae,125516,0.04,26.0,REF012
1183,2010,52.48,1.75,Lowestoft,Rissa tridactyla,137156,Black-legged kittiwake,breeding,Clupeidae,125464,0.77,26.0,REF012
1184,2010,52.48,1.75,Lowestoft,Rissa tridactyla,137156,Black-legged kittiwake,breeding,Gadidae,125469,0.31,26.0,REF012
1185,2010,52.48,1.75,Lowestoft,Rissa tridactyla,137156,Black-legged kittiwake,breeding,Polychaeta,883,0.04,26.0,REF012
1186,2011,52.48,1.75,Lowestoft,Rissa tridactyla,137156,Black-legged kittiwake,breeding,Ammodytidae,125516,0.48,31.0,REF012
1187,2011,52.48,1.75,Lowestoft,Rissa tridactyla,137156,Black-legged kittiwake,breeding,Clupeidae,125464,0.57,31.0,REF012
1188,2012,52.48,1.75,Lowestoft,Rissa tridactyla,137156,Black-legged kittiwake,breeding,Ammodytidae,125516,0.92,13.0,REF012
1189,2012,52.48,1.75,Lowestoft,Rissa tridactyla,137156,Black-legged kittiwake,breeding,Clupeidae,125464,0.46,13.0,REF012
1190,2012,52.48,1.75,Lowestoft,Rissa tridactyla,137156,Black-legged kittiwake,breeding,Lotidae,125470,0.08,13.0,REF012
1191,2013,52.48,1.75,Lowestoft,Rissa tridactyla,137156,Black-legged kittiwake,breeding,Ammodytidae,125516,0.91,32.0,REF012
1192,2013,52.48,1.75,Lowestoft,Rissa tridactyla,137156,Black-legged kittiwake,breeding,Clupeidae,125464,0.16,32.0,REF012
1193,2013,52.48,1.75,Lowestoft,Rissa tridactyla,137156,Black-legged kittiwake,breeding,Crustacea,1066,0.03,32.0,REF012
1194,2009,53.31,-4.43,Anglesey,Uria aalge,137133,Common guillemot,breeding,Ammodytidae,125516,0.16,115.0,REF001
1195,2009,53.31,-4.43,Anglesey,Uria aalge,137133,Common guillemot,breeding,Clupeidae,125464,0.83,115.0,REF001
1196,2009,53.31,-4.43,Anglesey,Uria aalge,137133,Common guillemot,breeding,Gadidae,125469,0.01,115.0,REF001
1197,2009,53.31,-4.43,Anglesey,Uria aalge,137133,Common guillemot,breeding,Actinopterygii,10194,0.0,115.0,REF001
1198,2009,54.13,-0.17,Bempton,Uria aalge,137133,Common guillemot,breeding,Ammodytidae,125516,0.32,481.0,REF001
1199,2009,54.13,-0.17,Bempton,Uria aalge,137133,Common guillemot,breeding,Clupeidae,125464,0.67,481.0,REF001
1200,2009,54.13,-0.17,Bempton,Uria aalge,137133,Common guillemot,breeding,Gadidae,125469,0.01,481.0,REF001
1201,2009,54.13,-0.17,Bempton,Uria aalge,137133,Common guillemot,breeding,Actinopterygii,10194,0.0,481.0,REF001
1202,1984,54.13,-0.17,Bempton,Uria aalge,137133,Common guillemot,breeding,Ammodytidae,125516,0.95,70.0,REF030
1203,1984,54.13,-0.17,Bempton,Uria aalge,137133,Common guillemot,breeding,Clupeidae,125464,0.01,70.0,REF030
1204,1983,57.47,-1.78,Buchan/Aberdeen,Uria aalge,137133,Common guillemot,non-breeding,Ammodytidae,125516,0.73,213.0,REF007
1205,1983,57.47,-1.78,Buchan/Aberdeen,Uria aalge,137133,Common guillemot,non-breeding,Cephalopoda,11707,0.009,213.0,REF007
1206,1983,57.47,-1.78,Buchan/Aberdeen,Uria aalge,137133,Common guillemot,non-breeding,Clupeidae,125464,0.218,213.0,REF007
1207,1983,57.47,-1.78,Buchan/Aberdeen,Uria aalge,137133,Common guillemot,non-breeding,Crustacea,1066,0.015,213.0,REF007
1208,1983,57.47,-1.78,Buchan/Aberdeen,Uria aalge,137133,Common guillemot,non-breeding,Gadidae,125469,0.209,213.0,REF007
1209,1983,57.47,-1.78,Buchan/Aberdeen,Uria aalge,137133,Common guillemot,non-breeding,Gobiidae,125537,0.045,213.0,REF007
1210,1983,57.47,-1.78,Buchan/Aberdeen,Uria aalge,137133,Common guillemot,non-breeding,Polychaeta,883,0.03,213.0,REF007
1211,2009,57.42,-1.82,Bullers of Buchan,Uria aalge,137133,Common guillemot,breeding,Ammodytidae,125516,0.19,356.0,REF001
1212,2009,57.42,-1.82,Bullers of Buchan,Uria aalge,137133,Common guillemot,breeding,Clupeidae,125464,0.37,356.0,REF001
1213,2009,57.42,-1.82,Bullers of Buchan,Uria aalge,137133,Common guillemot,breeding,Gadidae,125469,0.44,356.0,REF001
1214,2009,57.42,-1.82,Bullers of Buchan,Uria aalge,137133,Common guillemot,breeding,Actinopterygii,10194,0.0,356.0,REF001
1215,2009,60.58,-1.05,Burravoe,Uria aalge,137133,Common guillemot,breeding,Ammodytidae,125516,0.9,30.0,REF001
1216,2009,60.58,-1.05,Burravoe,Uria aalge,137133,Common guillemot,breeding,Clupeidae,125464,0.0,30.0,REF001
1217,2009,60.58,-1.05,Burravoe,Uria aalge,137133,Common guillemot,breeding,Gadidae,125469,0.07,30.0,REF001
1218,2009,60.58,-1.05,Burravoe,Uria aalge,137133,Common guillemot,breeding,Actinopterygii,10194,0.03,30.0,REF001
1219,1981,57.05,-6.53,Canna,Uria aalge,137133,Common guillemot,breeding,Ammodytes marinus,126751,0.2,5.0,REF080
1220,1981,57.05,-6.53,Canna,Uria aalge,137133,Common guillemot,breeding,Gadidae,125469,0.4,5.0,REF080
1221,1981,57.05,-6.53,Canna,Uria aalge,137133,Common guillemot,breeding,Merlangius merlangus,126438,0.0,5.0,REF080
1222,1981,57.05,-6.53,Canna,Uria aalge,137133,Common guillemot,breeding,Sprattus sprattus,126425,0.4,5.0,REF080
1223,1982,57.05,-6.53,Canna,Uria aalge,137133,Common guillemot,breeding,Ammodytes marinus,126751,0.56,27.0,REF080
1224,1982,57.05,-6.53,Canna,Uria aalge,137133,Common guillemot,breeding,Gadidae,125469,0.15,27.0,REF080
1225,1982,57.05,-6.53,Canna,Uria aalge,137133,Common guillemot,breeding,Merlangius merlangus,126438,0.0,27.0,REF080
1226,1982,57.05,-6.53,Canna,Uria aalge,137133,Common guillemot,breeding,Sprattus sprattus,126425,0.26,27.0,REF080
1227,1983,57.05,-6.53,Canna,Uria aalge,137133,Common guillemot,breeding,Ammodytes marinus,126751,0.35,23.0,REF080
1228,1983,57.05,-6.53,Canna,Uria aalge,137133,Common guillemot,breeding,Gadidae,125469,0.08,23.0,REF080
1229,1983,57.05,-6.53,Canna,Uria aalge,137133,Common guillemot,breeding,Merlangius merlangus,126438,0.09,23.0,REF080
1230,1983,57.05,-6.53,Canna,Uria aalge,137133,Common guillemot,breeding,Sprattus sprattus,126425,0.48,23.0,REF080
1231,1984,57.05,-6.53,Canna,Uria aalge,137133,Common guillemot,breeding,Ammodytes marinus,126751,0.15,34.0,REF080
1232,1984,57.05,-6.53,Canna,Uria aalge,137133,Common guillemot,breeding,Gadidae,125469,0.18,34.0,REF080
1233,1984,57.05,-6.53,Canna,Uria aalge,137133,Common guillemot,breeding,Merlangius merlangus,126438,0.06,34.0,REF080
1234,1984,57.05,-6.53,Canna,Uria aalge,137133,Common guillemot,breeding,Sprattus sprattus,126425,0.62,34.0,REF080
1235,1985,57.05,-6.53,Canna,Uria aalge,137133,Common guillemot,breeding,Ammodytes marinus,126751,0.33,24.0,REF080
1236,1985,57.05,-6.53,Canna,Uria aalge,137133,Common guillemot,breeding,Gadidae,125469,0.13,24.0,REF080
1237,1985,57.05,-6.53,Canna,Uria aalge,137133,Common guillemot,breeding,Merlangius merlangus,126438,0.04,24.0,REF080
1238,1985,57.05,-6.53,Canna,Uria aalge,137133,Common guillemot,breeding,Sprattus sprattus,126425,0.5,24.0,REF080
1239,1986,57.05,-6.53,Canna,Uria aalge,137133,Common guillemot,breeding,Ammodytes marinus,126751,0.69,72.0,REF080
1240,1986,57.05,-6.53,Canna,Uria aalge,137133,Common guillemot,breeding,Gadidae,125469,0.08,72.0,REF080
1241,1986,57.05,-6.53,Canna,Uria aalge,137133,Common guillemot,breeding,Merlangius merlangus,126438,0.04,72.0,REF080
1242,1986,57.05,-6.53,Canna,Uria aalge,137133,Common guillemot,breeding,Sprattus sprattus,126425,0.17,72.0,REF080
1243,1987,57.05,-6.53,Canna,Uria aalge,137133,Common guillemot,breeding,Ammodytes marinus,126751,0.18,22.0,REF080
1244,1987,57.05,-6.53,Canna,Uria aalge,137133,Common guillemot,breeding,Gadidae,125469,0.0,22.0,REF080
1245,1987,57.05,-6.53,Canna,Uria aalge,137133,Common guillemot,breeding,Merlangius merlangus,126438,0.09,22.0,REF080
1246,1987,57.05,-6.53,Canna,Uria aalge,137133,Common guillemot,breeding,Sprattus sprattus,126425,0.73,22.0,REF080
1247,1988,57.05,-6.53,Canna,Uria aalge,137133,Common guillemot,breeding,Ammodytes marinus,126751,0.48,64.0,REF080
1248,1988,57.05,-6.53,Canna,Uria aalge,137133,Common guillemot,breeding,Gadidae,125469,0.11,64.0,REF080
1249,1988,57.05,-6.53,Canna,Uria aalge,137133,Common guillemot,breeding,Merlangius merlangus,126438,0.13,64.0,REF080
1250,1988,57.05,-6.53,Canna,Uria aalge,137133,Common guillemot,breeding,Sprattus sprattus,126425,0.28,64.0,REF080
1251,1989,57.05,-6.53,Canna,Uria aalge,137133,Common guillemot,breeding,Ammodytes marinus,126751,0.16,74.0,REF080
1252,1989,57.05,-6.53,Canna,Uria aalge,137133,Common guillemot,breeding,Gadidae,125469,0.18,74.0,REF080
1253,1989,57.05,-6.53,Canna,Uria aalge,137133,Common guillemot,breeding,Merlangius merlangus,126438,0.31,74.0,REF080
1254,1989,57.05,-6.53,Canna,Uria aalge,137133,Common guillemot,breeding,Sprattus sprattus,126425,0.35,74.0,REF080
1255,1990,57.05,-6.53,Canna,Uria aalge,137133,Common guillemot,breeding,Ammodytes marinus,126751,0.32,72.0,REF080
1256,1990,57.05,-6.53,Canna,Uria aalge,137133,Common guillemot,breeding,Gadidae,125469,0.09,72.0,REF080
1257,1990,57.05,-6.53,Canna,Uria aalge,137133,Common guillemot,breeding,Merlangius merlangus,126438,0.28,72.0,REF080
1258,1990,57.05,-6.53,Canna,Uria aalge,137133,Common guillemot,breeding,Sprattus sprattus,126425,0.31,72.0,REF080
1259,1991,57.05,-6.53,Canna,Uria aalge,137133,Common guillemot,breeding,Ammodytes marinus,126751,0.32,106.0,REF080
1260,1991,57.05,-6.53,Canna,Uria aalge,137133,Common guillemot,breeding,Gadidae,125469,0.13,106.0,REF080
1261,1991,57.05,-6.53,Canna,Uria aalge,137133,Common guillemot,breeding,Merlangius merlangus,126438,0.2,106.0,REF080
1262,1991,57.05,-6.53,Canna,Uria aalge,137133,Common guillemot,breeding,Sprattus sprattus,126425,0.35,106.0,REF080
1263,1992,57.05,-6.53,Canna,Uria aalge,137133,Common guillemot,breeding,Ammodytes marinus,126751,0.01,77.0,REF080
1264,1992,57.05,-6.53,Canna,Uria aalge,137133,Common guillemot,breeding,Gadidae,125469,0.03,77.0,REF080
1265,1992,57.05,-6.53,Canna,Uria aalge,137133,Common guillemot,breeding,Merlangius merlangus,126438,0.1,77.0,REF080
1266,1992,57.05,-6.53,Canna,Uria aalge,137133,Common guillemot,breeding,Sprattus sprattus,126425,0.86,77.0,REF080
1267,1993,57.05,-6.53,Canna,Uria aalge,137133,Common guillemot,breeding,Ammodytes marinus,126751,0.16,76.0,REF080
1268,1993,57.05,-6.53,Canna,Uria aalge,137133,Common guillemot,breeding,Gadidae,125469,0.04,76.0,REF080
1269,1993,57.05,-6.53,Canna,Uria aalge,137133,Common guillemot,breeding,Merlangius merlangus,126438,0.32,76.0,REF080
1270,1993,57.05,-6.53,Canna,Uria aalge,137133,Common guillemot,breeding,Sprattus sprattus,126425,0.49,76.0,REF080
1271,1994,57.05,-6.53,Canna,Uria aalge,137133,Common guillemot,breeding,Ammodytes marinus,126751,0.18,66.0,REF080
1272,1994,57.05,-6.53,Canna,Uria aalge,137133,Common guillemot,breeding,Gadidae,125469,0.02,66.0,REF080
1273,1994,57.05,-6.53,Canna,Uria aalge,137133,Common guillemot,breeding,Merlangius merlangus,126438,0.06,66.0,REF080
1274,1994,57.05,-6.53,Canna,Uria aalge,137133,Common guillemot,breeding,Sprattus sprattus,126425,0.74,66.0,REF080
1275,1995,57.05,-6.53,Canna,Uria aalge,137133,Common guillemot,breeding,Ammodytes marinus,126751,0.1,87.0,REF080
1276,1995,57.05,-6.53,Canna,Uria aalge,137133,Common guillemot,breeding,Gadidae,125469,0.01,87.0,REF080
1277,1995,57.05,-6.53,Canna,Uria aalge,137133,Common guillemot,breeding,Merlangius merlangus,126438,0.17,87.0,REF080
1278,1995,57.05,-6.53,Canna,Uria aalge,137133,Common guillemot,breeding,Sprattus sprattus,126425,0.71,87.0,REF080
1279,1996,57.05,-6.53,Canna,Uria aalge,137133,Common guillemot,breeding,Ammodytes marinus,126751,0.14,78.0,REF080
1280,1996,57.05,-6.53,Canna,Uria aalge,137133,Common guillemot,breeding,Gadidae,125469,0.05,78.0,REF080
1281,1996,57.05,-6.53,Canna,Uria aalge,137133,Common guillemot,breeding,Merlangius merlangus,126438,0.1,78.0,REF080
1282,1996,57.05,-6.53,Canna,Uria aalge,137133,Common guillemot,breeding,Sprattus sprattus,126425,0.71,78.0,REF080
1283,1997,57.05,-6.53,Canna,Uria aalge,137133,Common guillemot,breeding,Ammodytes marinus,126751,0.07,27.0,REF080
1284,1997,57.05,-6.53,Canna,Uria aalge,137133,Common guillemot,breeding,Gadidae,125469,0.0,27.0,REF080
1285,1997,57.05,-6.53,Canna,Uria aalge,137133,Common guillemot,breeding,Merlangius merlangus,126438,0.07,27.0,REF080
1286,1997,57.05,-6.53,Canna,Uria aalge,137133,Common guillemot,breeding,Sprattus sprattus,126425,0.85,27.0,REF080
1287,1998,57.05,-6.53,Canna,Uria aalge,137133,Common guillemot,breeding,Ammodytes marinus,126751,0.2,81.0,REF080
1288,1998,57.05,-6.53,Canna,Uria aalge,137133,Common guillemot,breeding,Gadidae,125469,0.05,81.0,REF080
1289,1998,57.05,-6.53,Canna,Uria aalge,137133,Common guillemot,breeding,Merlangius merlangus,126438,0.4,81.0,REF080
1290,1998,57.05,-6.53,Canna,Uria aalge,137133,Common guillemot,breeding,Sprattus sprattus,126425,0.36,81.0,REF080
1291,1999,57.05,-6.53,Canna,Uria aalge,137133,Common guillemot,breeding,Ammodytes marinus,126751,0.13,76.0,REF080
1292,1999,57.05,-6.53,Canna,Uria aalge,137133,Common guillemot,breeding,Gadidae,125469,0.01,76.0,REF080
1293,1999,57.05,-6.53,Canna,Uria aalge,137133,Common guillemot,breeding,Merlangius merlangus,126438,0.16,76.0,REF080
1294,1999,57.05,-6.53,Canna,Uria aalge,137133,Common guillemot,breeding,Sprattus sprattus,126425,0.7,76.0,REF080
1295,2000,57.05,-6.53,Canna,Uria aalge,137133,Common guillemot,breeding,Ammodytes marinus,126751,0.21,89.0,REF080
1296,2000,57.05,-6.53,Canna,Uria aalge,137133,Common guillemot,breeding,Gadidae,125469,0.02,89.0,REF080
1297,2000,57.05,-6.53,Canna,Uria aalge,137133,Common guillemot,breeding,Merlangius merlangus,126438,0.26,89.0,REF080
1298,2000,57.05,-6.53,Canna,Uria aalge,137133,Common guillemot,breeding,Sprattus sprattus,126425,0.49,89.0,REF080
1299,2001,57.05,-6.53,Canna,Uria aalge,137133,Common guillemot,breeding,Ammodytes marinus,126751,0.27,113.0,REF080
1300,2001,57.05,-6.53,Canna,Uria aalge,137133,Common guillemot,breeding,Gadidae,125469,0.1,113.0,REF080
1301,2001,57.05,-6.53,Canna,Uria aalge,137133,Common guillemot,breeding,Merlangius merlangus,126438,0.12,113.0,REF080
1302,2001,57.05,-6.53,Canna,Uria aalge,137133,Common guillemot,breeding,Sprattus sprattus,126425,0.52,113.0,REF080
1303,2002,57.05,-6.53,Canna,Uria aalge,137133,Common guillemot,breeding,Ammodytes marinus,126751,0.08,24.0,REF080
1304,2002,57.05,-6.53,Canna,Uria aalge,137133,Common guillemot,breeding,Gadidae,125469,0.0,24.0,REF080
1305,2002,57.05,-6.53,Canna,Uria aalge,137133,Common guillemot,breeding,Merlangius merlangus,126438,0.25,24.0,REF080
1306,2002,57.05,-6.53,Canna,Uria aalge,137133,Common guillemot,breeding,Sprattus sprattus,126425,0.67,24.0,REF080
1307,2003,57.05,-6.53,Canna,Uria aalge,137133,Common guillemot,breeding,Ammodytes marinus,126751,0.09,56.0,REF080
1308,2003,57.05,-6.53,Canna,Uria aalge,137133,Common guillemot,breeding,Gadidae,125469,0.02,56.0,REF080
1309,2003,57.05,-6.53,Canna,Uria aalge,137133,Common guillemot,breeding,Merlangius merlangus,126438,0.39,56.0,REF080
1310,2003,57.05,-6.53,Canna,Uria aalge,137133,Common guillemot,breeding,Sprattus sprattus,126425,0.5,56.0,REF080
1311,2004,57.05,-6.53,Canna,Uria aalge,137133,Common guillemot,breeding,Ammodytes marinus,126751,0.19,119.0,REF080
1312,2004,57.05,-6.53,Canna,Uria aalge,137133,Common guillemot,breeding,Gadidae,125469,0.01,119.0,REF080
1313,2004,57.05,-6.53,Canna,Uria aalge,137133,Common guillemot,breeding,Merlangius merlangus,126438,0.45,119.0,REF080
1314,2004,57.05,-6.53,Canna,Uria aalge,137133,Common guillemot,breeding,Sprattus sprattus,126425,0.35,119.0,REF080
1315,2005,57.05,-6.53,Canna,Uria aalge,137133,Common guillemot,breeding,Ammodytes marinus,126751,0.64,11.0,REF080
1316,2005,57.05,-6.53,Canna,Uria aalge,137133,Common guillemot,breeding,Gadidae,125469,0.0,11.0,REF080
1317,2005,57.05,-6.53,Canna,Uria aalge,137133,Common guillemot,breeding,Merlangius merlangus,126438,0.18,11.0,REF080
1318,2005,57.05,-6.53,Canna,Uria aalge,137133,Common guillemot,breeding,Sprattus sprattus,126425,0.18,11.0,REF080
1319,2006,57.05,-6.53,Canna,Uria aalge,137133,Common guillemot,breeding,Ammodytes marinus,126751,0.4,40.0,REF080
1320,2006,57.05,-6.53,Canna,Uria aalge,137133,Common guillemot,breeding,Gadidae,125469,0.41,40.0,REF080
1321,2006,57.05,-6.53,Canna,Uria aalge,137133,Common guillemot,breeding,Merlangius merlangus,126438,0.13,40.0,REF080
1322,2006,57.05,-6.53,Canna,Uria aalge,137133,Common guillemot,breeding,Sprattus sprattus,126425,0.08,40.0,REF080
1323,2007,57.05,-6.53,Canna,Uria aalge,137133,Common guillemot,breeding,Ammodytes marinus,126751,0.47,19.0,REF080
1324,2007,57.05,-6.53,Canna,Uria aalge,137133,Common guillemot,breeding,Gadidae,125469,0.32,19.0,REF080
1325,2007,57.05,-6.53,Canna,Uria aalge,137133,Common guillemot,breeding,Merlangius merlangus,126438,0.16,19.0,REF080
1326,2007,57.05,-6.53,Canna,Uria aalge,137133,Common guillemot,breeding,Sprattus sprattus,126425,0.05,19.0,REF080
1327,1988,55.26,-5.63,Clyde Front,Uria aalge,137133,Common guillemot,breeding,Crystallogobius linearis,126878,0.2,5.0,REF025
1328,1988,55.26,-5.63,Clyde Front,Uria aalge,137133,Common guillemot,breeding,Gadidae,125469,0.2,5.0,REF025
1329,1988,55.26,-5.63,Clyde Front,Uria aalge,137133,Common guillemot,breeding,Actinopterygii,10194,1.0,5.0,REF025
1330,1988,55.26,-5.63,Clyde Front,Uria aalge,137133,Common guillemot,breeding,Sprattus sprattus,126425,0.2,5.0,REF025
1331,1973,52.17,-9.75,Co. Kerry,Uria aalge,137133,Common guillemot,breeding,Ammodytidae,125516,0.7,50.0,REF030
1332,1973,52.17,-9.75,Co. Kerry,Uria aalge,137133,Common guillemot,breeding,Clupeidae,125464,0.28,50.0,REF030
1333,1973,52.17,-9.75,Co. Kerry,Uria aalge,137133,Common guillemot,breeding,Gadidae,125469,0.02,50.0,REF030
1334,2009,56.08,-6.25,Colonsay,Uria aalge,137133,Common guillemot,breeding,Ammodytidae,125516,0.97,35.0,REF001
1335,2009,56.08,-6.25,Colonsay,Uria aalge,137133,Common guillemot,breeding,Clupeidae,125464,0.03,35.0,REF001
1336,2009,56.08,-6.25,Colonsay,Uria aalge,137133,Common guillemot,breeding,Gadidae,125469,0.0,35.0,REF001
1337,2009,56.08,-6.25,Colonsay,Uria aalge,137133,Common guillemot,breeding,Actinopterygii,10194,0.0,35.0,REF001
1338,2009,58.63,-3.03,Duncansby,Uria aalge,137133,Common guillemot,breeding,Ammodytidae,125516,0.55,22.0,REF001
1339,2009,58.63,-3.03,Duncansby,Uria aalge,137133,Common guillemot,breeding,Clupeidae,125464,0.23,22.0,REF001
1340,2009,58.63,-3.03,Duncansby,Uria aalge,137133,Common guillemot,breeding,Gadidae,125469,0.09,22.0,REF001
1341,2009,58.63,-3.03,Duncansby,Uria aalge,137133,Common guillemot,breeding,Actinopterygii,10194,0.14,22.0,REF001
1343,1983,52.5,1.0,East Anglia,Uria aalge,137133,Common guillemot,breeding,Hyperoplus lanceolatus,126756,0.0,80.0,REF004
1344,1983,52.5,1.0,East Anglia,Uria aalge,137133,Common guillemot,breeding,Clupea harengus,126417,0.05,80.0,REF004
1346,1983,52.5,1.0,East Anglia,Uria aalge,137133,Common guillemot,breeding,Crustacea,1066,0.0,80.0,REF004
1348,1983,52.5,1.0,East Anglia,Uria aalge,137133,Common guillemot,breeding,Gobius,125988,0.113,80.0,REF004
1349,1983,52.5,1.0,East Anglia,Uria aalge,137133,Common guillemot,breeding,Maurolicus muelleri,127312,0.0,80.0,REF004
1350,1983,52.5,1.0,East Anglia,Uria aalge,137133,Common guillemot,breeding,Merlangius merlangus,126438,0.038,80.0,REF004
1351,1983,52.5,1.0,East Anglia,Uria aalge,137133,Common guillemot,breeding,Pollachius virens,126441,0.0,80.0,REF004
1352,1983,52.5,1.0,East Anglia,Uria aalge,137133,Common guillemot,breeding,Polychaeta,883,0.005,80.0,REF004
1353,1983,52.5,1.0,East Anglia,Uria aalge,137133,Common guillemot,breeding,Sprattus sprattus,126425,0.8,80.0,REF004
1354,1983,52.5,1.0,East Anglia,Uria aalge,137133,Common guillemot,breeding,Trisopterus minutus,126446,0.05,80.0,REF004
1355,1980,59.56,-1.63,Fair Isle,Uria aalge,137133,Common guillemot,breeding,Ammodytidae,125516,0.97,39.0,REF006
1356,1980,59.56,-1.63,Fair Isle,Uria aalge,137133,Common guillemot,breeding,Gadidae,125469,0.03,39.0,REF006
1357,1984,59.56,-1.63,Fair Isle,Uria aalge,137133,Common guillemot,breeding,Ammodytidae,125516,1.0,345.0,REF030
1358,1986,59.56,-1.63,Fair Isle,Uria aalge,137133,Common guillemot,breeding,Clupea harengus,126417,0.04,47.0,REF029
1359,1987,59.56,-1.63,Fair Isle,Uria aalge,137133,Common guillemot,breeding,Ammodytidae,125516,1.0,30.0,REF029
1360,1987,59.56,-1.63,Fair Isle,Uria aalge,137133,Common guillemot,breeding,Clupea harengus,126417,0.0,30.0,REF029
1361,1988,59.56,-1.63,Fair Isle,Uria aalge,137133,Common guillemot,breeding,Ammodytidae,125516,0.987,303.0,REF040
1362,1988,59.56,-1.63,Fair Isle,Uria aalge,137133,Common guillemot,breeding,Gadidae,125469,0.007,303.0,REF040
1363,1988,59.56,-1.63,Fair Isle,Uria aalge,137133,Common guillemot,breeding,Sprattus sprattus,126425,0.007,303.0,REF040
1364,1988,59.56,-1.63,Fair Isle,Uria aalge,137133,Common guillemot,breeding,Ammodytidae,125516,0.99,89.0,REF029
1365,1988,59.56,-1.63,Fair Isle,Uria aalge,137133,Common guillemot,breeding,Gadidae,125469,0.01,89.0,REF029
1366,1991,59.56,-1.63,Fair Isle,Uria aalge,137133,Common guillemot,breeding,Ammodytidae,125516,0.9,,REF099
1367,1991,59.56,-1.63,Fair Isle,Uria aalge,137133,Common guillemot,breeding,Ammodytidae,125516,0.3,,REF099
1368,1991,59.56,-1.63,Fair Isle,Uria aalge,137133,Common guillemot,breeding,Ammodytidae,125516,0.6,,REF099
1369,1991,59.56,-1.63,Fair Isle,Uria aalge,137133,Common guillemot,breeding,Gadidae,125469,0.1,,REF099
1370,2009,59.56,-1.63,Fair Isle,Uria aalge,137133,Common guillemot,breeding,Ammodytidae,125516,0.5,446.0,REF001
1371,2009,59.56,-1.63,Fair Isle,Uria aalge,137133,Common guillemot,breeding,Clupeidae,125464,0.07,446.0,REF001
1372,2009,59.56,-1.63,Fair Isle,Uria aalge,137133,Common guillemot,breeding,Gadidae,125469,0.35,446.0,REF001
1373,2009,59.56,-1.63,Fair Isle,Uria aalge,137133,Common guillemot,breeding,Actinopterygii,10194,0.08,446.0,REF001
1378,1983,56.12,-2.69,Firth of Forth,Uria aalge,137133,Common guillemot,non-breeding,Ammodytidae,125516,0.695,98.0,REF007
1379,1983,56.12,-2.69,Firth of Forth,Uria aalge,137133,Common guillemot,non-breeding,Cephalopoda,11707,0.0,98.0,REF007
1380,1983,56.12,-2.69,Firth of Forth,Uria aalge,137133,Common guillemot,non-breeding,Clupeidae,125464,0.335,98.0,REF007
1381,1983,56.12,-2.69,Firth of Forth,Uria aalge,137133,Common guillemot,non-breeding,Crustacea,1066,0.0,98.0,REF007
1382,1983,56.12,-2.69,Firth of Forth,Uria aalge,137133,Common guillemot,non-breeding,Gadidae,125469,0.267,98.0,REF007
1383,1983,56.12,-2.69,Firth of Forth,Uria aalge,137133,Common guillemot,non-breeding,Gobiidae,125537,0.126,98.0,REF007
1384,1983,56.12,-2.69,Firth of Forth,Uria aalge,137133,Common guillemot,non-breeding,Polychaeta,883,0.006,98.0,REF007
1385,1976,60.13,-2.06,Foula,Uria aalge,137133,Common guillemot,breeding,Ammodytidae,125516,1.0,74.0,REF030
1386,2009,59.37,-2.88,Fowl Craig,Uria aalge,137133,Common guillemot,breeding,Ammodytidae,125516,0.92,13.0,REF001
1387,2009,59.37,-2.88,Fowl Craig,Uria aalge,137133,Common guillemot,breeding,Clupeidae,125464,0.08,13.0,REF001
1388,2009,59.37,-2.88,Fowl Craig,Uria aalge,137133,Common guillemot,breeding,Gadidae,125469,0.0,13.0,REF001
1389,2009,59.37,-2.88,Fowl Craig,Uria aalge,137133,Common guillemot,breeding,Actinopterygii,10194,0.0,13.0,REF001
1390,2009,56.92,-2.2,Fowlsheugh,Uria aalge,137133,Common guillemot,breeding,Ammodytidae,125516,0.6,1675.0,REF001
1391,2009,56.92,-2.2,Fowlsheugh,Uria aalge,137133,Common guillemot,breeding,Clupeidae,125464,0.27,1675.0,REF001
1392,2009,56.92,-2.2,Fowlsheugh,Uria aalge,137133,Common guillemot,breeding,Gadidae,125469,0.13,1675.0,REF001
1393,2009,56.92,-2.2,Fowlsheugh,Uria aalge,137133,Common guillemot,breeding,Actinopterygii,10194,0.0,1675.0,REF001
1394,2009,58.95,-2.71,Gultack,Uria aalge,137133,Common guillemot,breeding,Ammodytidae,125516,1.0,4.0,REF001
1395,2009,58.95,-2.71,Gultack,Uria aalge,137133,Common guillemot,breeding,Clupeidae,125464,0.0,4.0,REF001
1396,2009,58.95,-2.71,Gultack,Uria aalge,137133,Common guillemot,breeding,Gadidae,125469,0.0,4.0,REF001
1397,2009,58.95,-2.71,Gultack,Uria aalge,137133,Common guillemot,breeding,Actinopterygii,10194,0.0,4.0,REF001
1398,2009,58.38,-5.19,Handa Island,Uria aalge,137133,Common guillemot,breeding,Ammodytidae,125516,0.9,52.0,REF001
1399,2009,58.38,-5.19,Handa Island,Uria aalge,137133,Common guillemot,breeding,Clupeidae,125464,0.08,52.0,REF001
1400,2009,58.38,-5.19,Handa Island,Uria aalge,137133,Common guillemot,breeding,Gadidae,125469,0.02,52.0,REF001
1401,2009,58.38,-5.19,Handa Island,Uria aalge,137133,Common guillemot,breeding,Actinopterygii,10194,0.0,52.0,REF001
1402,1981,56.19,-2.56,Isle of May,Uria aalge,137133,Common guillemot,breeding,Ammodytidae,125516,0.58,90.0,REF030
1403,1981,56.19,-2.56,Isle of May,Uria aalge,137133,Common guillemot,breeding,Gadidae,125469,0.01,90.0,REF030
1404,1981,56.19,-2.56,Isle of May,Uria aalge,137133,Common guillemot,breeding,Gadidae,125469,0.001,529.0,REF030
1405,1981,56.19,-2.56,Isle of May,Uria aalge,137133,Common guillemot,breeding,Scomber scombrus,127023,0.004,529.0,REF030
1406,1981,56.19,-2.56,Isle of May,Uria aalge,137133,Common guillemot,breeding,Sprattus sprattus,126425,0.41,90.0,REF030
1407,1981,56.19,-2.56,Isle of May,Uria aalge,137133,Common guillemot,breeding,Triglidae,125598,0.001,1071.0,REF030
1408,1982,56.19,-2.56,Isle of May,Uria aalge,137133,Common guillemot,breeding,Ammodytidae,125516,0.89,529.0,REF030
1409,1982,56.19,-2.56,Isle of May,Uria aalge,137133,Common guillemot,breeding,Clupea harengus,126417,0.01,529.0,REF030
1410,1982,56.19,-2.56,Isle of May,Uria aalge,137133,Common guillemot,breeding,Clupeidae,125464,0.026,529.0,REF030
1411,1982,56.19,-2.56,Isle of May,Uria aalge,137133,Common guillemot,breeding,Gaidropsarus,125743,0.0,529.0,REF030
1412,1982,56.19,-2.56,Isle of May,Uria aalge,137133,Common guillemot,breeding,Actinopterygii,10194,0.001,529.0,REF030
1413,1982,56.19,-2.56,Isle of May,Uria aalge,137133,Common guillemot,breeding,Pollachius virens,126441,0.0,529.0,REF030
1414,1982,56.19,-2.56,Isle of May,Uria aalge,137133,Common guillemot,breeding,Sprattus sprattus,126425,0.07,529.0,REF030
1415,1983,56.19,-2.56,Isle of May,Uria aalge,137133,Common guillemot,breeding,Ammodytidae,125516,0.75,1071.0,REF031
1416,1983,56.19,-2.56,Isle of May,Uria aalge,137133,Common guillemot,breeding,Clupea harengus,126417,0.01,1071.0,REF031
1417,1983,56.19,-2.56,Isle of May,Uria aalge,137133,Common guillemot,breeding,Gaidropsarus,125743,0.0,1071.0,REF031
1418,1983,56.19,-2.56,Isle of May,Uria aalge,137133,Common guillemot,breeding,Actinopterygii,10194,0.001,1071.0,REF031
1419,1983,56.19,-2.56,Isle of May,Uria aalge,137133,Common guillemot,breeding,Pollachius virens,126441,0.0,1071.0,REF031
1420,1983,56.19,-2.56,Isle of May,Uria aalge,137133,Common guillemot,breeding,Sprattus sprattus,126425,0.23,1071.0,REF031
1421,1984,56.19,-2.56,Isle of May,Uria aalge,137133,Common guillemot,breeding,Ammodytidae,125516,0.86,1304.0,REF031
1422,1984,56.19,-2.56,Isle of May,Uria aalge,137133,Common guillemot,breeding,Clupea harengus,126417,0.01,1304.0,REF031
1423,1984,56.19,-2.56,Isle of May,Uria aalge,137133,Common guillemot,breeding,Gaidropsarus,125743,0.0,1304.0,REF031
1424,1984,56.19,-2.56,Isle of May,Uria aalge,137133,Common guillemot,breeding,Actinopterygii,10194,0.001,1304.0,REF031
1425,1984,56.19,-2.56,Isle of May,Uria aalge,137133,Common guillemot,breeding,Pollachius virens,126441,0.0,1304.0,REF031
1426,1984,56.19,-2.56,Isle of May,Uria aalge,137133,Common guillemot,breeding,Sprattus sprattus,126425,0.13,1304.0,REF031
1429,1985,56.19,-2.56,Isle of May,Uria aalge,137133,Common guillemot,breeding,Gadidae,125469,0.0,,REF017
1432,1986,56.19,-2.56,Isle of May,Uria aalge,137133,Common guillemot,breeding,Ammodytidae,125516,0.910881801,,REF017
1433,1986,56.19,-2.56,Isle of May,Uria aalge,137133,Common guillemot,breeding,Clupeidae,125464,0.089118199,,REF017
1434,1986,56.19,-2.56,Isle of May,Uria aalge,137133,Common guillemot,breeding,Gadidae,125469,0.0,,REF017
1437,1987,56.19,-2.56,Isle of May,Uria aalge,137133,Common guillemot,breeding,Ammodytidae,125516,0.81509434,,REF017
1438,1987,56.19,-2.56,Isle of May,Uria aalge,137133,Common guillemot,breeding,Clupeidae,125464,0.18490566,,REF017
1439,1987,56.19,-2.56,Isle of May,Uria aalge,137133,Common guillemot,breeding,Gadidae,125469,0.0,,REF017
1442,1988,56.19,-2.56,Isle of May,Uria aalge,137133,Common guillemot,breeding,Ammodytidae,125516,0.571186441,,REF017
1443,1988,56.19,-2.56,Isle of May,Uria aalge,137133,Common guillemot,breeding,Clupeidae,125464,0.425423729,,REF017
1444,1988,56.19,-2.56,Isle of May,Uria aalge,137133,Common guillemot,breeding,Gadidae,125469,0.003,,REF017
1447,1989,56.19,-2.56,Isle of May,Uria aalge,137133,Common guillemot,breeding,Ammodytidae,125516,0.885,,REF017
1448,1989,56.19,-2.56,Isle of May,Uria aalge,137133,Common guillemot,breeding,Clupeidae,125464,0.111,,REF017
1449,1989,56.19,-2.56,Isle of May,Uria aalge,137133,Common guillemot,breeding,Gadidae,125469,0.004,,REF017
1452,1990,56.19,-2.56,Isle of May,Uria aalge,137133,Common guillemot,breeding,Ammodytidae,125516,0.607,,REF017
1453,1990,56.19,-2.56,Isle of May,Uria aalge,137133,Common guillemot,breeding,Clupeidae,125464,0.387,,REF017
1454,1990,56.19,-2.56,Isle of May,Uria aalge,137133,Common guillemot,breeding,Gadidae,125469,0.0,,REF017
1457,1991,56.19,-2.56,Isle of May,Uria aalge,137133,Common guillemot,breeding,Ammodytidae,125516,0.755,,REF017
1458,1991,56.19,-2.56,Isle of May,Uria aalge,137133,Common guillemot,breeding,Clupeidae,125464,0.245,,REF017
1459,1991,56.19,-2.56,Isle of May,Uria aalge,137133,Common guillemot,breeding,Gadidae,125469,0.0,,REF017
1462,1992,56.19,-2.56,Isle of May,Uria aalge,137133,Common guillemot,breeding,Ammodytidae,125516,0.582417582,,REF017
1463,1992,56.19,-2.56,Isle of May,Uria aalge,137133,Common guillemot,breeding,Clupeidae,125464,0.413,,REF017
1464,1992,56.19,-2.56,Isle of May,Uria aalge,137133,Common guillemot,breeding,Gadidae,125469,0.005,,REF017
1467,1993,56.19,-2.56,Isle of May,Uria aalge,137133,Common guillemot,breeding,Ammodytidae,125516,0.227340267,,REF017
1468,1993,56.19,-2.56,Isle of May,Uria aalge,137133,Common guillemot,breeding,Clupeidae,125464,0.773,,REF017
1469,1993,56.19,-2.56,Isle of May,Uria aalge,137133,Common guillemot,breeding,Gadidae,125469,0.0,,REF017
1472,1994,56.19,-2.56,Isle of May,Uria aalge,137133,Common guillemot,breeding,Ammodytidae,125516,0.183193277,,REF017
1473,1994,56.19,-2.56,Isle of May,Uria aalge,137133,Common guillemot,breeding,Clupeidae,125464,0.817,,REF017
1474,1994,56.19,-2.56,Isle of May,Uria aalge,137133,Common guillemot,breeding,Gadidae,125469,0.0,,REF017
1477,1995,56.19,-2.56,Isle of May,Uria aalge,137133,Common guillemot,breeding,Ammodytidae,125516,0.684100418,,REF017
1478,1995,56.19,-2.56,Isle of May,Uria aalge,137133,Common guillemot,breeding,Clupeidae,125464,0.312,,REF017
1479,1995,56.19,-2.56,Isle of May,Uria aalge,137133,Common guillemot,breeding,Gadidae,125469,0.004,,REF017
1482,1996,56.19,-2.56,Isle of May,Uria aalge,137133,Common guillemot,breeding,Ammodytidae,125516,0.443123939,,REF017
1483,1996,56.19,-2.56,Isle of May,Uria aalge,137133,Common guillemot,breeding,Clupeidae,125464,0.557,,REF017
1484,1996,56.19,-2.56,Isle of May,Uria aalge,137133,Common guillemot,breeding,Gadidae,125469,0.0,,REF017
1487,1997,56.19,-2.56,Isle of May,Uria aalge,137133,Common guillemot,breeding,Ammodytidae,125516,0.862663496,,REF017
1488,1997,56.19,-2.56,Isle of May,Uria aalge,137133,Common guillemot,breeding,Clupeidae,125464,0.137,,REF017
1489,1997,56.19,-2.56,Isle of May,Uria aalge,137133,Common guillemot,breeding,Gadidae,125469,0.0,,REF017
1492,1998,56.19,-2.56,Isle of May,Uria aalge,137133,Common guillemot,breeding,Ammodytidae,125516,0.260934025,,REF017
1493,1998,56.19,-2.56,Isle of May,Uria aalge,137133,Common guillemot,breeding,Clupeidae,125464,0.739,,REF017
1494,1998,56.19,-2.56,Isle of May,Uria aalge,137133,Common guillemot,breeding,Gadidae,125469,0.0,,REF017
1497,1999,56.19,-2.56,Isle of May,Uria aalge,137133,Common guillemot,breeding,Ammodytidae,125516,0.257004831,,REF017
1498,1999,56.19,-2.56,Isle of May,Uria aalge,137133,Common guillemot,breeding,Clupeidae,125464,0.684,,REF017
1499,1999,56.19,-2.56,Isle of May,Uria aalge,137133,Common guillemot,breeding,Gadidae,125469,0.059,,REF017
1502,2000,56.19,-2.56,Isle of May,Uria aalge,137133,Common guillemot,breeding,Ammodytidae,125516,0.583333333,,REF017
1503,2000,56.19,-2.56,Isle of May,Uria aalge,137133,Common guillemot,breeding,Clupeidae,125464,0.417,,REF017
1504,2000,56.19,-2.56,Isle of May,Uria aalge,137133,Common guillemot,breeding,Gadidae,125469,0.0,,REF017
1507,2001,56.19,-2.56,Isle of May,Uria aalge,137133,Common guillemot,breeding,Ammodytidae,125516,0.306923077,,REF017
1508,2001,56.19,-2.56,Isle of May,Uria aalge,137133,Common guillemot,breeding,Clupeidae,125464,0.689,,REF017
1509,2001,56.19,-2.56,Isle of May,Uria aalge,137133,Common guillemot,breeding,Gadidae,125469,0.004,,REF017
1512,2002,56.19,-2.56,Isle of May,Uria aalge,137133,Common guillemot,breeding,Ammodytidae,125516,0.3915828,,REF017
1513,2002,56.19,-2.56,Isle of May,Uria aalge,137133,Common guillemot,breeding,Clupeidae,125464,0.608,,REF017
1514,2002,56.19,-2.56,Isle of May,Uria aalge,137133,Common guillemot,breeding,Gadidae,125469,0.0,,REF017
1517,2003,56.19,-2.56,Isle of May,Uria aalge,137133,Common guillemot,breeding,Ammodytidae,125516,0.172943889,,REF017
1518,2003,56.19,-2.56,Isle of May,Uria aalge,137133,Common guillemot,breeding,Ammodytes marinus,126751,0.791,62.0,REF097
1519,2003,56.19,-2.56,Isle of May,Uria aalge,137133,Common guillemot,breeding,Ammodytes marinus,126751,0.204,1663.0,REF097
1520,2003,56.19,-2.56,Isle of May,Uria aalge,137133,Common guillemot,breeding,Clupeidae,125464,0.825,,REF017
1521,2003,56.19,-2.56,Isle of May,Uria aalge,137133,Common guillemot,breeding,Gadidae,125469,0.161,62.0,REF097
1522,2003,56.19,-2.56,Isle of May,Uria aalge,137133,Common guillemot,breeding,Gadidae,125469,0.002,,REF017
1523,2003,56.19,-2.56,Isle of May,Uria aalge,137133,Common guillemot,breeding,Gadidae,125469,0.004,1663.0,REF097
1524,2003,56.19,-2.56,Isle of May,Uria aalge,137133,Common guillemot,breeding,Gobiidae,125537,0.21,62.0,REF097
1525,2003,56.19,-2.56,Isle of May,Uria aalge,137133,Common guillemot,breeding,other,,0.21,62.0,REF097
1526,2003,56.19,-2.56,Isle of May,Uria aalge,137133,Common guillemot,breeding,Sprattus sprattus,126425,0.226,62.0,REF097
1527,2003,56.19,-2.56,Isle of May,Uria aalge,137133,Common guillemot,breeding,Sprattus sprattus,126425,0.794,1663.0,REF097
1528,2003,56.19,-2.56,Isle of May,Uria aalge,137133,Common guillemot,breeding,Teuthida,11716,0.001,1663.0,REF097
1529,2003,56.19,-2.56,Isle of May,Uria aalge,137133,Common guillemot,breeding,Ammodytidae,125516,0.565,62.0,REF097
1530,2003,56.19,-2.56,Isle of May,Uria aalge,137133,Common guillemot,breeding,Ammodytidae,125516,0.226,62.0,REF097
1533,2003,56.19,-2.56,Isle of May,Uria aalge,137133,Common guillemot,breeding,Ammodytidae,125516,0.005,1663.0,REF097
1534,2003,56.19,-2.56,Isle of May,Uria aalge,137133,Common guillemot,breeding,Ammodytidae,125516,0.195,1663.0,REF097
1535,2004,56.19,-2.56,Isle of May,Uria aalge,137133,Common guillemot,breeding,Ammodytes marinus,126751,0.254,335.0,REF085
1536,2004,56.19,-2.56,Isle of May,Uria aalge,137133,Common guillemot,breeding,Sprattus sprattus,126425,0.746,335.0,REF085
1537,2004,56.19,-2.56,Isle of May,Uria aalge,137133,Common guillemot,breeding,Ammodytidae,125516,0.016,,REF093
1538,2004,56.19,-2.56,Isle of May,Uria aalge,137133,Common guillemot,breeding,Clupeidae,125464,0.979,,REF017
1539,2004,56.19,-2.56,Isle of May,Uria aalge,137133,Common guillemot,breeding,Gadidae,125469,0.005,,REF017
1542,2005,56.19,-2.56,Isle of May,Uria aalge,137133,Common guillemot,breeding,Ammodytidae,125516,0.041,,REF017
1543,2005,56.19,-2.56,Isle of May,Uria aalge,137133,Common guillemot,breeding,Clupeidae,125464,0.906,,REF017
1544,2005,56.19,-2.56,Isle of May,Uria aalge,137133,Common guillemot,breeding,Gadidae,125469,0.052,,REF017
1547,2006,56.19,-2.56,Isle of May,Uria aalge,137133,Common guillemot,breeding,Ammodytidae,125516,0.19,,REF017
1548,2006,56.19,-2.56,Isle of May,Uria aalge,137133,Common guillemot,breeding,Clupeidae,125464,0.77,,REF017
1549,2006,56.19,-2.56,Isle of May,Uria aalge,137133,Common guillemot,breeding,Gadidae,125469,0.0,,REF017
1552,2007,56.19,-2.56,Isle of May,Uria aalge,137133,Common guillemot,breeding,Ammodytidae,125516,0.06442953,,REF017
1553,2007,56.19,-2.56,Isle of May,Uria aalge,137133,Common guillemot,breeding,Clupeidae,125464,0.903,,REF017
1554,2007,56.19,-2.56,Isle of May,Uria aalge,137133,Common guillemot,breeding,Gadidae,125469,0.032,,REF017
1557,2008,56.19,-2.56,Isle of May,Uria aalge,137133,Common guillemot,breeding,Ammodytidae,125516,0.203182375,,REF017
1558,2008,56.19,-2.56,Isle of May,Uria aalge,137133,Common guillemot,breeding,Clupeidae,125464,0.759,,REF017
1559,2008,56.19,-2.56,Isle of May,Uria aalge,137133,Common guillemot,breeding,Gadidae,125469,0.038,,REF017
1562,2009,56.19,-2.56,Isle of May,Uria aalge,137133,Common guillemot,breeding,Ammodytidae,125516,0.19,5106.0,REF001
1563,2009,56.19,-2.56,Isle of May,Uria aalge,137133,Common guillemot,breeding,Clupeidae,125464,0.77,5106.0,REF001
1564,2009,56.19,-2.56,Isle of May,Uria aalge,137133,Common guillemot,breeding,Gadidae,125469,0.04,5106.0,REF001
1565,2009,56.19,-2.56,Isle of May,Uria aalge,137133,Common guillemot,breeding,Actinopterygii,10194,0.0,5106.0,REF001
1566,2009,56.19,-2.56,Isle of May,Uria aalge,137133,Common guillemot,breeding,Ammodytidae,125516,0.274979356,,REF017
1567,2009,56.19,-2.56,Isle of May,Uria aalge,137133,Common guillemot,breeding,Clupeidae,125464,0.672,,REF017
1568,2009,56.19,-2.56,Isle of May,Uria aalge,137133,Common guillemot,breeding,Gadidae,125469,0.053,,REF017
1571,2010,56.19,-2.56,Isle of May,Uria aalge,137133,Common guillemot,breeding,Ammodytidae,125516,0.146923783,,REF017
1572,2010,56.19,-2.56,Isle of May,Uria aalge,137133,Common guillemot,breeding,Clupeidae,125464,0.852,,REF017
1573,2010,56.19,-2.56,Isle of May,Uria aalge,137133,Common guillemot,breeding,Gadidae,125469,0.001,,REF017
1576,2011,56.19,-2.56,Isle of May,Uria aalge,137133,Common guillemot,breeding,Ammodytidae,125516,0.195567145,,REF017
1577,2011,56.19,-2.56,Isle of May,Uria aalge,137133,Common guillemot,breeding,Clupeidae,125464,0.803,,REF017
1578,2011,56.19,-2.56,Isle of May,Uria aalge,137133,Common guillemot,breeding,Gadidae,125469,0.001,,REF017
1581,2012,56.19,-2.56,Isle of May,Uria aalge,137133,Common guillemot,breeding,Ammodytidae,125516,0.13229572,,REF017
1582,2012,56.19,-2.56,Isle of May,Uria aalge,137133,Common guillemot,breeding,Clupeidae,125464,0.85,,REF017
1583,2012,56.19,-2.56,Isle of May,Uria aalge,137133,Common guillemot,breeding,Gadidae,125469,0.018,,REF017
1586,2013,56.19,-2.56,Isle of May,Uria aalge,137133,Common guillemot,breeding,Ammodytidae,125516,0.130699088,,REF017
1587,2013,56.19,-2.56,Isle of May,Uria aalge,137133,Common guillemot,breeding,Clupeidae,125464,0.865,,REF017
1588,2013,56.19,-2.56,Isle of May,Uria aalge,137133,Common guillemot,breeding,Gadidae,125469,0.005,,REF017
1591,2014,56.19,-2.56,Isle of May,Uria aalge,137133,Common guillemot,breeding,Ammodytidae,125516,0.051383399,,REF017
1592,2014,56.19,-2.56,Isle of May,Uria aalge,137133,Common guillemot,breeding,Clupeidae,125464,0.945,,REF017
1593,2014,56.19,-2.56,Isle of May,Uria aalge,137133,Common guillemot,breeding,Gadidae,125469,0.004,,REF017
1596,2015,56.19,-2.56,Isle of May,Uria aalge,137133,Common guillemot,breeding,Ammodytidae,125516,0.088311688,,REF020
1597,2015,56.19,-2.56,Isle of May,Uria aalge,137133,Common guillemot,breeding,Clupeidae,125464,0.909,,REF020
1598,2015,56.19,-2.56,Isle of May,Uria aalge,137133,Common guillemot,breeding,Gadidae,125469,0.003,,REF020
1601,2016,56.19,-2.56,Isle of May,Uria aalge,137133,Common guillemot,breeding,Ammodytidae,125516,0.085903084,,REF020
1602,2016,56.19,-2.56,Isle of May,Uria aalge,137133,Common guillemot,breeding,Clupeidae,125464,0.833,,REF020
1603,2016,56.19,-2.56,Isle of May,Uria aalge,137133,Common guillemot,breeding,Gadidae,125469,0.081,,REF020
1606,2017,56.19,-2.56,Isle of May,Uria aalge,137133,Common guillemot,breeding,Ammodytidae,125516,0.03486924,,REF020
1607,2017,56.19,-2.56,Isle of May,Uria aalge,137133,Common guillemot,breeding,Clupeidae,125464,0.953,,REF020
1608,2017,56.19,-2.56,Isle of May,Uria aalge,137133,Common guillemot,breeding,Gadidae,125469,0.012,,REF020
1611,2009,51.17,-4.67,Lundy,Uria aalge,137133,Common guillemot,breeding,Ammodytidae,125516,0.67,27.0,REF001
1612,2009,51.17,-4.67,Lundy,Uria aalge,137133,Common guillemot,breeding,Clupeidae,125464,0.33,27.0,REF001
1613,2009,51.17,-4.67,Lundy,Uria aalge,137133,Common guillemot,breeding,Gadidae,125469,0.0,27.0,REF001
1614,2009,51.17,-4.67,Lundy,Uria aalge,137133,Common guillemot,breeding,Actinopterygii,10194,0.0,27.0,REF001
1615,2009,56.48,-6.43,Lunga,Uria aalge,137133,Common guillemot,breeding,Ammodytidae,125516,1.0,35.0,REF001
1616,2009,56.48,-6.43,Lunga,Uria aalge,137133,Common guillemot,breeding,Clupeidae,125464,0.0,35.0,REF001
1617,2009,56.48,-6.43,Lunga,Uria aalge,137133,Common guillemot,breeding,Gadidae,125469,0.0,35.0,REF001
1618,2009,56.48,-6.43,Lunga,Uria aalge,137133,Common guillemot,breeding,Actinopterygii,10194,0.0,35.0,REF001
1619,2009,59.01,-3.35,Marwick,Uria aalge,137133,Common guillemot,breeding,Ammodytidae,125516,0.22,46.0,REF001
1620,2009,59.01,-3.35,Marwick,Uria aalge,137133,Common guillemot,breeding,Clupeidae,125464,0.09,46.0,REF001
1621,2009,59.01,-3.35,Marwick,Uria aalge,137133,Common guillemot,breeding,Gadidae,125469,0.65,46.0,REF001
1622,2009,59.01,-3.35,Marwick,Uria aalge,137133,Common guillemot,breeding,Actinopterygii,10194,0.04,46.0,REF001
1624,1983,57.75,-3.5,Moray Firth,Uria aalge,137133,Common guillemot,breeding,Hyperoplus lanceolatus,126756,0.0,29.0,REF004
1625,1983,57.75,-3.5,Moray Firth,Uria aalge,137133,Common guillemot,breeding,Clupea harengus,126417,0.586,29.0,REF004
1627,1983,57.75,-3.5,Moray Firth,Uria aalge,137133,Common guillemot,breeding,Crustacea,1066,0.0,29.0,REF004
1629,1983,57.75,-3.5,Moray Firth,Uria aalge,137133,Common guillemot,breeding,Gobius,125988,0.103,29.0,REF004
1630,1983,57.75,-3.5,Moray Firth,Uria aalge,137133,Common guillemot,breeding,Maurolicus muelleri,127312,0.103,29.0,REF004
1631,1983,57.75,-3.5,Moray Firth,Uria aalge,137133,Common guillemot,breeding,Merlangius merlangus,126438,0.241,29.0,REF004
1632,1983,57.75,-3.5,Moray Firth,Uria aalge,137133,Common guillemot,breeding,Pollachius virens,126441,0.345,29.0,REF004
1633,1983,57.75,-3.5,Moray Firth,Uria aalge,137133,Common guillemot,breeding,Polychaeta,883,0.117,29.0,REF004
1634,1983,57.75,-3.5,Moray Firth,Uria aalge,137133,Common guillemot,breeding,Sprattus sprattus,126425,0.0,29.0,REF004
1635,1983,57.75,-3.5,Moray Firth,Uria aalge,137133,Common guillemot,breeding,Trisopterus minutus,126446,0.103,29.0,REF004
1636,2009,58.97,-2.71,Mull Head,Uria aalge,137133,Common guillemot,breeding,Ammodytidae,125516,0.92,71.0,REF001
1637,2009,58.97,-2.71,Mull Head,Uria aalge,137133,Common guillemot,breeding,Clupeidae,125464,0.03,71.0,REF001
1638,2009,58.97,-2.71,Mull Head,Uria aalge,137133,Common guillemot,breeding,Gadidae,125469,0.06,71.0,REF001
1639,2009,58.97,-2.71,Mull Head,Uria aalge,137133,Common guillemot,breeding,Actinopterygii,10194,0.0,71.0,REF001
1641,1983,54.972,-1.608,Newcastle,Uria aalge,137133,Common guillemot,breeding,Hyperoplus lanceolatus,126756,0.041,73.0,REF004
1642,1983,54.972,-1.608,Newcastle,Uria aalge,137133,Common guillemot,breeding,Clupea harengus,126417,0.137,73.0,REF004
1644,1983,54.972,-1.608,Newcastle,Uria aalge,137133,Common guillemot,breeding,Crustacea,1066,0.0,73.0,REF004
1646,1983,54.972,-1.608,Newcastle,Uria aalge,137133,Common guillemot,breeding,Gobius,125988,0.137,73.0,REF004
1647,1983,54.972,-1.608,Newcastle,Uria aalge,137133,Common guillemot,breeding,Maurolicus muelleri,127312,0.11,73.0,REF004
1648,1983,54.972,-1.608,Newcastle,Uria aalge,137133,Common guillemot,breeding,Merlangius merlangus,126438,0.014,73.0,REF004
1649,1983,54.972,-1.608,Newcastle,Uria aalge,137133,Common guillemot,breeding,Pollachius virens,126441,0.041,73.0,REF004
1650,1983,54.972,-1.608,Newcastle,Uria aalge,137133,Common guillemot,breeding,Polychaeta,883,0.141,73.0,REF004
1651,1983,54.972,-1.608,Newcastle,Uria aalge,137133,Common guillemot,breeding,Sprattus sprattus,126425,0.151,73.0,REF004
1652,1983,54.972,-1.608,Newcastle,Uria aalge,137133,Common guillemot,breeding,Trisopterus minutus,126446,0.0,73.0,REF004
1653,1988,55.23,-6.04,North Channel,Uria aalge,137133,Common guillemot,breeding,Ammodytes marinus,126751,1.0,5.0,REF025
1654,1988,55.23,-6.04,North Channel,Uria aalge,137133,Common guillemot,breeding,Crystallogobius linearis,126878,0.4,5.0,REF025
1655,1988,55.23,-6.04,North Channel,Uria aalge,137133,Common guillemot,breeding,Actinopterygii,10194,0.05,5.0,REF025
1656,1972,59.12,-5.82,North Rona,Uria aalge,137133,Common guillemot,breeding,Ammodytidae,125516,0.94,18.0,REF018
1657,1972,59.12,-5.82,North Rona,Uria aalge,137133,Common guillemot,breeding,Gadidae,125469,0.06,18.0,REF018
1658,1983,59.0,-3.0,Orkney,Uria aalge,137133,Common guillemot,breeding,Ammodytidae,125516,0.91,254.0,REF030
1659,1983,59.0,-3.0,Orkney,Uria aalge,137133,Common guillemot,breeding,Clupeidae,125464,0.03,254.0,REF030
1660,1983,59.0,-3.0,Orkney,Uria aalge,137133,Common guillemot,breeding,Gadidae,125469,0.04,254.0,REF030
1661,1983,59.0,-3.0,Orkney,Uria aalge,137133,Common guillemot,breeding,Actinopterygii,10194,0.005,254.0,REF030
1662,2009,51.87,-5.34,Ramsey,Uria aalge,137133,Common guillemot,breeding,Ammodytidae,125516,0.09,23.0,REF001
1663,2009,51.87,-5.34,Ramsey,Uria aalge,137133,Common guillemot,breeding,Clupeidae,125464,0.91,23.0,REF001
1664,2009,51.87,-5.34,Ramsey,Uria aalge,137133,Common guillemot,breeding,Gadidae,125469,0.0,23.0,REF001
1665,2009,51.87,-5.34,Ramsey,Uria aalge,137133,Common guillemot,breeding,Actinopterygii,10194,0.0,23.0,REF001
1666,2008,55.29,-6.19,Rathlin,Uria aalge,137133,Common guillemot,breeding,Ammodytidae,125516,0.33,28.0,REF014
1667,2008,55.29,-6.19,Rathlin,Uria aalge,137133,Common guillemot,breeding,Clupeidae,125464,0.67,28.0,REF014
1668,2008,55.29,-6.19,Rathlin,Uria aalge,137133,Common guillemot,breeding,Gadidae,125469,0.0,28.0,REF014
1669,2009,55.29,-6.19,Rathlin,Uria aalge,137133,Common guillemot,breeding,Ammodytidae,125516,0.5,14.0,REF001
1670,2009,55.29,-6.19,Rathlin,Uria aalge,137133,Common guillemot,breeding,Clupeidae,125464,0.43,14.0,REF001
1671,2009,55.29,-6.19,Rathlin,Uria aalge,137133,Common guillemot,breeding,Gadidae,125469,0.07,14.0,REF001
1672,2009,55.29,-6.19,Rathlin,Uria aalge,137133,Common guillemot,breeding,Actinopterygii,10194,0.0,14.0,REF001
1673,2009,55.29,-6.19,Rathlin,Uria aalge,137133,Common guillemot,breeding,Ammodytidae,125516,0.2,34.0,REF014
1674,2009,55.29,-6.19,Rathlin,Uria aalge,137133,Common guillemot,breeding,Clupeidae,125464,0.62,34.0,REF014
1675,2009,55.29,-6.19,Rathlin,Uria aalge,137133,Common guillemot,breeding,Gadidae,125469,0.18,34.0,REF014
1676,2010,55.29,-6.19,Rathlin,Uria aalge,137133,Common guillemot,breeding,Ammodytidae,125516,0.21,27.0,REF014
1677,2010,55.29,-6.19,Rathlin,Uria aalge,137133,Common guillemot,breeding,Clupeidae,125464,0.35,27.0,REF014
1678,2010,55.29,-6.19,Rathlin,Uria aalge,137133,Common guillemot,breeding,Gadidae,125469,0.44,27.0,REF014
1679,2009,59.03,-3.35,Row Head,Uria aalge,137133,Common guillemot,breeding,Ammodytidae,125516,0.36,25.0,REF001
1680,2009,59.03,-3.35,Row Head,Uria aalge,137133,Common guillemot,breeding,Clupeidae,125464,0.32,25.0,REF001
1681,2009,59.03,-3.35,Row Head,Uria aalge,137133,Common guillemot,breeding,Gadidae,125469,0.32,25.0,REF001
1682,2009,59.03,-3.35,Row Head,Uria aalge,137133,Common guillemot,breeding,Actinopterygii,10194,0.0,25.0,REF001
1683,1983,60.25,-1.5,Shetland,Uria aalge,137133,Common guillemot,breeding,Ammodytidae,125516,0.93,109.0,REF005
1684,1983,60.25,-1.5,Shetland,Uria aalge,137133,Common guillemot,non-breeding,Ammodytidae,125516,0.575,250.0,REF005
1685,1983,60.25,-1.5,Shetland,Uria aalge,137133,Common guillemot,breeding,Cephalopoda,11707,0.0,109.0,REF005
1686,1983,60.25,-1.5,Shetland,Uria aalge,137133,Common guillemot,non-breeding,Cephalopoda,11707,0.0,250.0,REF005
1687,1983,60.25,-1.5,Shetland,Uria aalge,137133,Common guillemot,non-breeding,Clupeidae,125464,0.332,250.0,REF005
1688,1983,60.25,-1.5,Shetland,Uria aalge,137133,Common guillemot,breeding,Clupeidae,125464,0.0,109.0,REF007
1689,1983,60.25,-1.5,Shetland,Uria aalge,137133,Common guillemot,breeding,Crustacea,1066,0.0,109.0,REF005
1690,1983,60.25,-1.5,Shetland,Uria aalge,137133,Common guillemot,non-breeding,Crustacea,1066,0.008,250.0,REF005
1691,1983,60.25,-1.5,Shetland,Uria aalge,137133,Common guillemot,breeding,Gadidae,125469,0.11,109.0,REF005
1692,1983,60.25,-1.5,Shetland,Uria aalge,137133,Common guillemot,non-breeding,Gadidae,125469,0.564,250.0,REF005
1693,1983,60.25,-1.5,Shetland,Uria aalge,137133,Common guillemot,breeding,Gobiidae,125537,0.01,109.0,REF005
1694,1983,60.25,-1.5,Shetland,Uria aalge,137133,Common guillemot,non-breeding,Gobiidae,125537,0.142,250.0,REF005
1695,1983,60.25,-1.5,Shetland,Uria aalge,137133,Common guillemot,breeding,Polychaeta,883,0.02,109.0,REF005
1696,1983,60.25,-1.5,Shetland,Uria aalge,137133,Common guillemot,non-breeding,Polychaeta,883,0.31,250.0,REF005
1697,1973,51.62,-5.29,Skomer,Uria aalge,137133,Common guillemot,breeding,Ammodytidae,125516,0.012765957,235.0,REF065; REF041
1698,1973,51.62,-5.29,Skomer,Uria aalge,137133,Common guillemot,breeding,Clupeidae,125464,0.987234043,235.0,REF065; REF041
1699,1973,51.62,-5.29,Skomer,Uria aalge,137133,Common guillemot,breeding,Gadidae,125469,0.0,235.0,REF065; REF041
1700,1974,51.62,-5.29,Skomer,Uria aalge,137133,Common guillemot,breeding,Ammodytidae,125516,0.004267425,703.0,REF065; REF041
1701,1974,51.62,-5.29,Skomer,Uria aalge,137133,Common guillemot,breeding,Clupeidae,125464,0.995732575,703.0,REF065; REF041
1702,1975,51.62,-5.29,Skomer,Uria aalge,137133,Common guillemot,breeding,Ammodytidae,125516,0.014563107,206.0,REF065; REF041
1703,1975,51.62,-5.29,Skomer,Uria aalge,137133,Common guillemot,breeding,Clupeidae,125464,0.985436893,206.0,REF065; REF041
1704,1975,51.62,-5.29,Skomer,Uria aalge,137133,Common guillemot,breeding,Gadidae,125469,0.0,206.0,REF065; REF041
1705,1985,51.62,-5.29,Skomer,Uria aalge,137133,Common guillemot,breeding,Ammodytidae,125516,0.336330935,556.0,REF065
1706,1985,51.67,-5.25,Skomer,Uria aalge,137133,Common guillemot,breeding,Crustacea,1066,0.004,558.0,REF041
1707,1985,51.62,-5.29,Skomer,Uria aalge,137133,Common guillemot,breeding,Gadidae,125469,0.007194245,556.0,REF065
1708,1985,51.67,-5.25,Skomer,Uria aalge,137133,Common guillemot,breeding,Sprattus sprattus,126425,0.654,558.0,REF041
1709,1985,51.67,-5.25,Skomer,Uria aalge,137133,Common guillemot,breeding,Teuthida,11716,0.0,558.0,REF041
1710,1986,51.62,-5.29,Skomer,Uria aalge,137133,Common guillemot,breeding,Ammodytidae,125516,0.182773109,1428.0,REF065
1711,1986,51.67,-5.25,Skomer,Uria aalge,137133,Common guillemot,breeding,Crustacea,1066,0.0,1428.0,REF041
1712,1986,51.62,-5.29,Skomer,Uria aalge,137133,Common guillemot,breeding,Gadidae,125469,0.004901961,1428.0,REF065
1713,1986,51.67,-5.25,Skomer,Uria aalge,137133,Common guillemot,breeding,Sprattus sprattus,126425,0.811,1428.0,REF041
1714,1986,51.67,-5.25,Skomer,Uria aalge,137133,Common guillemot,breeding,Teuthida,11716,0.001,1428.0,REF041
1715,1987,51.62,-5.29,Skomer,Uria aalge,137133,Common guillemot,breeding,Ammodytidae,125516,0.194882729,2345.0,REF065
1716,1987,51.67,-5.25,Skomer,Uria aalge,137133,Common guillemot,breeding,Crustacea,1066,0.0,2345.0,REF041
1717,1987,51.62,-5.29,Skomer,Uria aalge,137133,Common guillemot,breeding,Gadidae,125469,0.003411514,2345.0,REF065
1718,1987,51.67,-5.25,Skomer,Uria aalge,137133,Common guillemot,breeding,Sprattus sprattus,126425,0.802,2345.0,REF041
1719,1987,51.67,-5.25,Skomer,Uria aalge,137133,Common guillemot,breeding,Teuthida,11716,0.0,2345.0,REF041
1720,1992,51.62,-5.29,Skomer,Uria aalge,137133,Common guillemot,breeding,Ammodytidae,125516,0.080808081,297.0,REF065
1721,1992,51.62,-5.29,Skomer,Uria aalge,137133,Common guillemot,breeding,Clupeidae,125464,0.919191919,297.0,REF065
1722,1992,51.62,-5.29,Skomer,Uria aalge,137133,Common guillemot,breeding,Gadidae,125469,0.0,297.0,REF065
1723,1993,51.62,-5.29,Skomer,Uria aalge,137133,Common guillemot,breeding,Ammodytidae,125516,0.02244389,401.0,REF065
1724,1993,51.62,-5.29,Skomer,Uria aalge,137133,Common guillemot,breeding,Clupeidae,125464,0.967581047,401.0,REF065
1725,1993,51.62,-5.29,Skomer,Uria aalge,137133,Common guillemot,breeding,Gadidae,125469,0.009975062,401.0,REF065
1726,1994,51.62,-5.29,Skomer,Uria aalge,137133,Common guillemot,breeding,Ammodytidae,125516,0.02244389,401.0,REF065
1727,1994,51.62,-5.29,Skomer,Uria aalge,137133,Common guillemot,breeding,Clupeidae,125464,0.967581047,401.0,REF065
1728,1994,51.62,-5.29,Skomer,Uria aalge,137133,Common guillemot,breeding,Gadidae,125469,0.009975062,401.0,REF065
1729,1995,51.62,-5.29,Skomer,Uria aalge,137133,Common guillemot,breeding,Ammodytidae,125516,0.134770889,371.0,REF065
1730,1995,51.62,-5.29,Skomer,Uria aalge,137133,Common guillemot,breeding,Clupeidae,125464,0.843665768,371.0,REF065
1731,1995,51.62,-5.29,Skomer,Uria aalge,137133,Common guillemot,breeding,Gadidae,125469,0.021563342,371.0,REF065
1732,1996,51.62,-5.29,Skomer,Uria aalge,137133,Common guillemot,breeding,Ammodytidae,125516,0.144230769,416.0,REF065
1733,1996,51.62,-5.29,Skomer,Uria aalge,137133,Common guillemot,breeding,Clupeidae,125464,0.807692308,416.0,REF065
1734,1996,51.62,-5.29,Skomer,Uria aalge,137133,Common guillemot,breeding,Gadidae,125469,0.048076923,416.0,REF065
1735,1997,51.62,-5.29,Skomer,Uria aalge,137133,Common guillemot,breeding,Ammodytidae,125516,0.053254438,338.0,REF065
1736,1997,51.62,-5.29,Skomer,Uria aalge,137133,Common guillemot,breeding,Clupeidae,125464,0.934911243,338.0,REF065
1737,1997,51.62,-5.29,Skomer,Uria aalge,137133,Common guillemot,breeding,Gadidae,125469,0.01183432,338.0,REF065
1738,1998,51.62,-5.29,Skomer,Uria aalge,137133,Common guillemot,breeding,Ammodytidae,125516,0.351398601,572.0,REF065
1739,1998,51.62,-5.29,Skomer,Uria aalge,137133,Common guillemot,breeding,Clupeidae,125464,0.643356643,572.0,REF065
1740,1998,51.62,-5.29,Skomer,Uria aalge,137133,Common guillemot,breeding,Gadidae,125469,0.005244755,572.0,REF065
1741,1999,51.62,-5.29,Skomer,Uria aalge,137133,Common guillemot,breeding,Ammodytidae,125516,0.061788618,615.0,REF065
1742,1999,51.62,-5.29,Skomer,Uria aalge,137133,Common guillemot,breeding,Clupeidae,125464,0.933333333,615.0,REF065
1743,1999,51.62,-5.29,Skomer,Uria aalge,137133,Common guillemot,breeding,Gadidae,125469,0.004878049,615.0,REF065
1744,2000,51.62,-5.29,Skomer,Uria aalge,137133,Common guillemot,breeding,Ammodytidae,125516,0.053020962,811.0,REF065
1745,2000,51.62,-5.29,Skomer,Uria aalge,137133,Common guillemot,breeding,Clupeidae,125464,0.944512947,811.0,REF065
1746,2000,51.62,-5.29,Skomer,Uria aalge,137133,Common guillemot,breeding,Gadidae,125469,0.0,811.0,REF065
1747,2001,51.62,-5.29,Skomer,Uria aalge,137133,Common guillemot,breeding,Ammodytidae,125516,0.072022161,722.0,REF065
1748,2001,51.62,-5.29,Skomer,Uria aalge,137133,Common guillemot,breeding,Clupeidae,125464,0.968144044,722.0,REF065
1749,2001,51.62,-5.29,Skomer,Uria aalge,137133,Common guillemot,breeding,Gadidae,125469,0.001385042,722.0,REF065
1750,2002,51.62,-5.29,Skomer,Uria aalge,137133,Common guillemot,breeding,Ammodytidae,125516,0.053097345,226.0,REF065
1751,2002,51.62,-5.29,Skomer,Uria aalge,137133,Common guillemot,breeding,Clupeidae,125464,0.946902655,226.0,REF065
1752,2002,51.62,-5.29,Skomer,Uria aalge,137133,Common guillemot,breeding,Gadidae,125469,0.0,226.0,REF065
1753,2003,51.62,-5.29,Skomer,Uria aalge,137133,Common guillemot,breeding,Ammodytidae,125516,0.005813953,688.0,REF065
1754,2003,51.62,-5.29,Skomer,Uria aalge,137133,Common guillemot,breeding,Clupeidae,125464,0.988372093,688.0,REF065
1755,2003,51.62,-5.29,Skomer,Uria aalge,137133,Common guillemot,breeding,Gadidae,125469,0.005813953,688.0,REF065
1756,2004,51.62,-5.29,Skomer,Uria aalge,137133,Common guillemot,breeding,Ammodytidae,125516,0.044414536,743.0,REF065
1757,2004,51.62,-5.29,Skomer,Uria aalge,137133,Common guillemot,breeding,Clupeidae,125464,0.955585464,743.0,REF065
1758,2004,51.62,-5.29,Skomer,Uria aalge,137133,Common guillemot,breeding,Gadidae,125469,0.0,743.0,REF065
1759,2005,51.62,-5.29,Skomer,Uria aalge,137133,Common guillemot,breeding,Ammodytidae,125516,0.004282655,467.0,REF065
1760,2005,51.62,-5.29,Skomer,Uria aalge,137133,Common guillemot,breeding,Clupeidae,125464,0.989293362,467.0,REF065
1761,2005,51.62,-5.29,Skomer,Uria aalge,137133,Common guillemot,breeding,Gadidae,125469,0.006423983,467.0,REF065
1762,2006,51.62,-5.29,Skomer,Uria aalge,137133,Common guillemot,breeding,Ammodytidae,125516,0.087025316,632.0,REF065
1763,2006,51.62,-5.29,Skomer,Uria aalge,137133,Common guillemot,breeding,Clupeidae,125464,0.90664557,632.0,REF065
1764,2006,51.62,-5.29,Skomer,Uria aalge,137133,Common guillemot,breeding,Gadidae,125469,0.006329114,632.0,REF065
1765,2007,51.62,-5.29,Skomer,Uria aalge,137133,Common guillemot,breeding,Ammodytidae,125516,0.046263345,281.0,REF065
1766,2007,51.62,-5.29,Skomer,Uria aalge,137133,Common guillemot,breeding,Clupeidae,125464,0.939501779,281.0,REF065
1767,2007,51.62,-5.29,Skomer,Uria aalge,137133,Common guillemot,breeding,Gadidae,125469,0.014234875,281.0,REF065
1768,2008,51.62,-5.29,Skomer,Uria aalge,137133,Common guillemot,breeding,Ammodytidae,125516,0.029806259,671.0,REF065
1769,2008,51.62,-5.29,Skomer,Uria aalge,137133,Common guillemot,breeding,Clupeidae,125464,0.922503726,671.0,REF065
1770,2008,51.62,-5.29,Skomer,Uria aalge,137133,Common guillemot,breeding,Gadidae,125469,0.047690015,671.0,REF065
1771,2009,51.62,-5.29,Skomer,Uria aalge,137133,Common guillemot,breeding,Ammodytidae,125516,0.123728814,570.0,REF065
1772,2009,51.62,-5.29,Skomer,Uria aalge,137133,Common guillemot,breeding,Clupeidae,125464,0.859322034,570.0,REF065
1773,2009,51.62,-5.29,Skomer,Uria aalge,137133,Common guillemot,breeding,Gadidae,125469,0.016949153,570.0,REF065
1774,2010,51.62,-5.29,Skomer,Uria aalge,137133,Common guillemot,breeding,Ammodytidae,125516,0.275449102,668.0,REF065
1775,2010,51.62,-5.29,Skomer,Uria aalge,137133,Common guillemot,breeding,Clupeidae,125464,0.721556886,668.0,REF065
1776,2010,51.62,-5.29,Skomer,Uria aalge,137133,Common guillemot,breeding,Gadidae,125469,0.002994012,668.0,REF065
1777,2011,51.62,-5.29,Skomer,Uria aalge,137133,Common guillemot,breeding,Ammodytidae,125516,0.073813708,569.0,REF065
1778,2011,51.62,-5.29,Skomer,Uria aalge,137133,Common guillemot,breeding,Clupeidae,125464,0.924428822,569.0,REF065
1779,2011,51.62,-5.29,Skomer,Uria aalge,137133,Common guillemot,breeding,Gadidae,125469,0.001757469,569.0,REF065
1780,2012,51.62,-5.29,Skomer,Uria aalge,137133,Common guillemot,breeding,Ammodytidae,125516,0.073813708,660.0,REF065
1781,2012,51.62,-5.29,Skomer,Uria aalge,137133,Common guillemot,breeding,Clupeidae,125464,0.948484848,660.0,REF065
1782,2012,51.62,-5.29,Skomer,Uria aalge,137133,Common guillemot,breeding,Gadidae,125469,0.003030303,660.0,REF065
1783,2013,51.62,-5.29,Skomer,Uria aalge,137133,Common guillemot,breeding,Ammodytidae,125516,0.275590551,762.0,REF065
1784,2013,51.62,-5.29,Skomer,Uria aalge,137133,Common guillemot,breeding,Clupeidae,125464,0.650918635,762.0,REF065
1785,2013,51.62,-5.29,Skomer,Uria aalge,137133,Common guillemot,breeding,Gadidae,125469,0.073490814,762.0,REF065
1786,2014,51.62,-5.29,Skomer,Uria aalge,137133,Common guillemot,breeding,Ammodytidae,125516,0.232843137,408.0,REF065
1787,2014,51.62,-5.29,Skomer,Uria aalge,137133,Common guillemot,breeding,Clupeidae,125464,0.651960784,408.0,REF065
1788,2014,51.62,-5.29,Skomer,Uria aalge,137133,Common guillemot,breeding,Gadidae,125469,0.115196078,408.0,REF065
1789,2015,51.62,-5.29,Skomer,Uria aalge,137133,Common guillemot,breeding,Ammodytidae,125516,0.189473684,475.0,REF065
1790,2015,51.62,-5.29,Skomer,Uria aalge,137133,Common guillemot,breeding,Clupeidae,125464,0.68,475.0,REF065
1791,2015,51.62,-5.29,Skomer,Uria aalge,137133,Common guillemot,breeding,Gadidae,125469,0.130526316,475.0,REF065
1792,2016,51.62,-5.29,Skomer,Uria aalge,137133,Common guillemot,breeding,Ammodytidae,125516,0.174,88.0,REF065
1793,2016,51.62,-5.29,Skomer,Uria aalge,137133,Common guillemot,breeding,Clupeidae,125464,0.59,88.0,REF065
1794,2016,51.62,-5.29,Skomer,Uria aalge,137133,Common guillemot,breeding,Gadidae,125469,0.024,88.0,REF065
1795,2017,51.62,-5.29,Skomer,Uria aalge,137133,Common guillemot,breeding,Alloteuthis subulata,153131,0.04,25.0,REF065
1796,2017,51.62,-5.29,Skomer,Uria aalge,137133,Common guillemot,breeding,Ammodytes tobianus,126752,0.08,25.0,REF065
1797,2017,51.62,-5.29,Skomer,Uria aalge,137133,Common guillemot,breeding,Ammodytidae,125516,0.118,50.0,REF065
1798,2017,51.62,-5.29,Skomer,Uria aalge,137133,Common guillemot,breeding,Clupeidae,125464,0.524,50.0,REF065
1799,2017,51.62,-5.29,Skomer,Uria aalge,137133,Common guillemot,breeding,Gadidae,125469,0.189,50.0,REF065
1800,2017,51.62,-5.29,Skomer,Uria aalge,137133,Common guillemot,breeding,Melanogrammus aeglefinus,126437,0.04,25.0,REF065
1801,2017,51.62,-5.29,Skomer,Uria aalge,137133,Common guillemot,breeding,Merlangius merlangus,126438,0.24,25.0,REF065
1802,2017,51.62,-5.29,Skomer,Uria aalge,137133,Common guillemot,breeding,Micromesistius poutassou,126439,0.08,25.0,REF065
1803,2017,51.62,-5.29,Skomer,Uria aalge,137133,Common guillemot,breeding,Sprattus sprattus,126425,0.52,25.0,REF065
1804,1963,51.617,-5.288,Skomer & Skokholm,Uria aalge,137133,Common guillemot,breeding,Ammodytidae,125516,0.2,15.0,REF038
1805,1963,51.617,-5.288,Skomer & Skokholm,Uria aalge,137133,Common guillemot,breeding,Clupeidae,125464,0.8,15.0,REF038
1806,1988,55.99,-5.75,Sound of Jura,Uria aalge,137133,Common guillemot,non-breeding,Gadidae,125469,0.2,5.0,REF025
1807,1988,55.99,-5.75,Sound of Jura,Uria aalge,137133,Common guillemot,non-breeding,Sprattus sprattus,126425,1.0,5.0,REF025
1808,2009,55.92,-2.13,St Abbs,Uria aalge,137133,Common guillemot,breeding,Ammodytidae,125516,0.25,794.0,REF001
1809,2009,55.92,-2.13,St Abbs,Uria aalge,137133,Common guillemot,breeding,Clupeidae,125464,0.65,794.0,REF001
1810,2009,55.92,-2.13,St Abbs,Uria aalge,137133,Common guillemot,breeding,Gadidae,125469,0.1,794.0,REF001
1811,2009,55.92,-2.13,St Abbs,Uria aalge,137133,Common guillemot,breeding,Actinopterygii,10194,0.0,794.0,REF001
1812,1980,57.81,-8.58,St Kilda,Uria aalge,137133,Common guillemot,breeding,Ammodytidae,125516,1.0,16.0,REF030
1813,1988,57.81,-8.58,St Kilda,Uria aalge,137133,Common guillemot,breeding,Clupeidae,125464,0.2,10.0,REF025
1814,1988,57.81,-8.58,St Kilda,Uria aalge,137133,Common guillemot,breeding,Gadidae,125469,0.5,10.0,REF025
1815,1988,57.81,-8.58,St Kilda,Uria aalge,137133,Common guillemot,breeding,Actinopterygii,10194,0.1,10.0,REF025
1816,1988,57.81,-8.58,St Kilda,Uria aalge,137133,Common guillemot,breeding,Teuthida,11716,0.2,10.0,REF025
1817,1988,57.81,-8.58,St Kilda,Uria aalge,137133,Common guillemot,breeding,Trisopterus esmarkii,126444,0.5,10.0,REF025
1818,2009,57.82,-8.58,St Kilda,Uria aalge,137133,Common guillemot,breeding,Ammodytidae,125516,0.33,111.0,REF001
1819,2009,57.82,-8.58,St Kilda,Uria aalge,137133,Common guillemot,breeding,Clupeidae,125464,0.13,111.0,REF001
1820,2009,57.82,-8.58,St Kilda,Uria aalge,137133,Common guillemot,breeding,Gadidae,125469,0.19,111.0,REF001
1821,2009,57.82,-8.58,St Kilda,Uria aalge,137133,Common guillemot,breeding,Actinopterygii,10194,0.35,111.0,REF001
1823,1988,57.85,-8.11,St. Kilda Whale Rock Bank,Uria aalge,137133,Common guillemot,breeding,Ammodytes marinus,126751,0.89,9.0,REF025
1824,1988,57.85,-8.11,St. Kilda Whale Rock Bank,Uria aalge,137133,Common guillemot,breeding,Clupeidae,125464,0.22,9.0,REF025
1825,1988,57.85,-8.11,St. Kilda Whale Rock Bank,Uria aalge,137133,Common guillemot,breeding,Gadidae,125469,0.11,9.0,REF025
1826,1988,57.85,-8.11,St. Kilda Whale Rock Bank,Uria aalge,137133,Common guillemot,breeding,Gymnammodytes semisquamatus,126754,0.33,9.0,REF025
1827,1990,59.85429,-1.2753087,Sumburgh Head,Uria aalge,137133,Common guillemot,breeding,Ammodytidae,125516,0.85,29.0,REF099
1828,1990,59.85429,-1.2753087,Sumburgh Head,Uria aalge,137133,Common guillemot,breeding,Merlangius merlangus,126438,0.15,,REF099
1829,1991,59.85429,-1.2753087,Sumburgh Head,Uria aalge,137133,Common guillemot,breeding,Ammodytidae,125516,0.5,,REF099
1830,1991,59.85429,-1.2753087,Sumburgh Head,Uria aalge,137133,Common guillemot,breeding,Ammodytidae,125516,0.3,,REF099
1831,1991,59.85429,-1.2753087,Sumburgh Head,Uria aalge,137133,Common guillemot,breeding,Ammodytidae,125516,0.2,,REF099
1832,1991,59.85429,-1.2753087,Sumburgh Head,Uria aalge,137133,Common guillemot,breeding,Gadidae,125469,0.35,,REF099
1833,1991,59.85429,-1.2753087,Sumburgh Head,Uria aalge,137133,Common guillemot,breeding,other,,0.15,,REF099
1834,1992,59.85429,-1.2753087,Sumburgh Head,Uria aalge,137133,Common guillemot,breeding,Ammodytidae,125516,1.0,16.0,REF099
1835,2007,59.85429,-1.2753087,Sumburgh Head,Uria aalge,137133,Common guillemot,breeding,Ammodytidae,125516,0.569,324.0,REF042
1836,2007,59.85429,-1.2753087,Sumburgh Head,Uria aalge,137133,Common guillemot,breeding,Clupeidae,125464,0.012,324.0,REF042
1837,2007,59.85429,-1.2753087,Sumburgh Head,Uria aalge,137133,Common guillemot,breeding,Gadidae,125469,0.284,324.0,REF042
1838,2007,59.85429,-1.2753087,Sumburgh Head,Uria aalge,137133,Common guillemot,breeding,Merlangius merlangus,126438,0.0,324.0,REF042
1839,2007,59.85429,-1.2753087,Sumburgh Head,Uria aalge,137133,Common guillemot,breeding,Actinopterygii,10194,0.037,324.0,REF042
1840,2007,59.85429,-1.2753087,Sumburgh Head,Uria aalge,137133,Common guillemot,breeding,Pollachius virens,126441,0.0,324.0,REF042
1841,2007,59.85429,-1.2753087,Sumburgh Head,Uria aalge,137133,Common guillemot,breeding,Syngnathiformes,10327,0.071,324.0,REF042
1842,2008,59.85429,-1.2753087,Sumburgh Head,Uria aalge,137133,Common guillemot,breeding,Ammodytidae,125516,0.28,36.0,REF042
1843,2008,59.85429,-1.2753087,Sumburgh Head,Uria aalge,137133,Common guillemot,breeding,Ammodytidae,125516,0.5,140.0,REF042
1844,2008,59.85429,-1.2753087,Sumburgh Head,Uria aalge,137133,Common guillemot,breeding,Clupeidae,125464,0.0,140.0,REF042
1845,2008,59.85429,-1.2753087,Sumburgh Head,Uria aalge,137133,Common guillemot,breeding,Merlangius merlangus,126438,0.42,36.0,REF042
1846,2008,59.85429,-1.2753087,Sumburgh Head,Uria aalge,137133,Common guillemot,breeding,Merlangius merlangus,126438,0.221,140.0,REF042
1847,2008,59.85429,-1.2753087,Sumburgh Head,Uria aalge,137133,Common guillemot,breeding,Actinopterygii,10194,0.057,140.0,REF042
1848,2008,59.85429,-1.2753087,Sumburgh Head,Uria aalge,137133,Common guillemot,breeding,Pollachius virens,126441,0.31,36.0,REF042
1849,2008,59.85429,-1.2753087,Sumburgh Head,Uria aalge,137133,Common guillemot,breeding,Pollachius virens,126441,0.214,140.0,REF042
1850,2008,59.85429,-1.2753087,Sumburgh Head,Uria aalge,137133,Common guillemot,breeding,Syngnathiformes,10327,0.007,140.0,REF042
1851,2009,59.85429,-1.2753087,Sumburgh Head,Uria aalge,137133,Common guillemot,breeding,Ammodytidae,125516,0.52,1660.0,REF001
1852,2009,59.85429,-1.2753087,Sumburgh Head,Uria aalge,137133,Common guillemot,breeding,Clupeidae,125464,0.02,1660.0,REF001
1853,2009,59.85429,-1.2753087,Sumburgh Head,Uria aalge,137133,Common guillemot,breeding,Gadidae,125469,0.42,1660.0,REF001
1854,2009,59.85429,-1.2753087,Sumburgh Head,Uria aalge,137133,Common guillemot,breeding,Actinopterygii,10194,0.04,1660.0,REF001
1855,2009,59.85429,-1.2753087,Sumburgh Head,Uria aalge,137133,Common guillemot,breeding,Ammodytidae,125516,0.452,250.0,REF042
1856,2009,59.85429,-1.2753087,Sumburgh Head,Uria aalge,137133,Common guillemot,breeding,Clupeidae,125464,0.12,250.0,REF042
1857,2009,59.85429,-1.2753087,Sumburgh Head,Uria aalge,137133,Common guillemot,breeding,Merlangius merlangus,126438,0.288,250.0,REF042
1858,2009,59.85429,-1.2753087,Sumburgh Head,Uria aalge,137133,Common guillemot,breeding,Actinopterygii,10194,0.02,250.0,REF042
1859,2009,59.85429,-1.2753087,Sumburgh Head,Uria aalge,137133,Common guillemot,breeding,Pollachius virens,126441,0.22,250.0,REF042
1860,2009,59.85429,-1.2753087,Sumburgh Head,Uria aalge,137133,Common guillemot,breeding,Syngnathiformes,10327,0.0,250.0,REF042
1861,1988,57.92,-5.43,Summer Isles,Uria aalge,137133,Common guillemot,non-breeding,Ammodytes marinus,126751,0.9,30.0,REF025
1862,1988,57.92,-5.43,Summer Isles,Uria aalge,137133,Common guillemot,breeding,Ammodytes marinus,126751,0.5,24.0,REF025
1863,1988,57.92,-5.43,Summer Isles,Uria aalge,137133,Common guillemot,non-breeding,Clupea harengus,126417,0.03,30.0,REF025
1864,1988,57.92,-5.43,Summer Isles,Uria aalge,137133,Common guillemot,non-breeding,Clupea harengus,126417,0.16,25.0,REF025
1865,1988,57.92,-5.43,Summer Isles,Uria aalge,137133,Common guillemot,breeding,Crystallogobius linearis,126878,0.04,24.0,REF025
1866,1988,57.92,-5.43,Summer Isles,Uria aalge,137133,Common guillemot,non-breeding,Gadus morhua,126436,0.14,25.0,REF025
1867,1988,57.92,-5.43,Summer Isles,Uria aalge,137133,Common guillemot,non-breeding,Gymnammodytes semisquamatus,126754,0.07,30.0,REF025
1868,1988,57.92,-5.43,Summer Isles,Uria aalge,137133,Common guillemot,breeding,Hyperoplus lanceolatus,126756,0.23,24.0,REF025
1869,1988,57.92,-5.43,Summer Isles,Uria aalge,137133,Common guillemot,breeding,Merlangius merlangus,126438,0.19,24.0,REF025
1870,1988,57.92,-5.43,Summer Isles,Uria aalge,137133,Common guillemot,non-breeding,Merlangius merlangus,126438,0.09,25.0,REF025
1871,1988,57.92,-5.43,Summer Isles,Uria aalge,137133,Common guillemot,breeding,Actinopterygii,10194,0.05,24.0,REF025
1872,1988,57.92,-5.43,Summer Isles,Uria aalge,137133,Common guillemot,non-breeding,Actinopterygii,10194,0.11,25.0,REF025
1873,1988,57.92,-5.43,Summer Isles,Uria aalge,137133,Common guillemot,non-breeding,Sprattus sprattus,126425,0.03,30.0,REF025
1874,1988,57.92,-5.43,Summer Isles,Uria aalge,137133,Common guillemot,non-breeding,Sprattus sprattus,126425,0.26,25.0,REF025
1875,1988,57.92,-5.43,Summer Isles,Uria aalge,137133,Common guillemot,non-breeding,Teuthida,11716,0.36,25.0,REF025
1876,1988,57.92,-5.43,Summer Isles,Uria aalge,137133,Common guillemot,non-breeding,Trisopterus minutus,126446,0.03,30.0,REF025
1877,1988,57.92,-5.43,Summer Isles,Uria aalge,137133,Common guillemot,non-breeding,Trisopterus minutus,126446,0.34,25.0,REF025
1878,2009,57.68,-2.3,Troup Head,Uria aalge,137133,Common guillemot,breeding,Ammodytidae,125516,0.79,413.0,REF001
1879,2009,57.68,-2.3,Troup Head,Uria aalge,137133,Common guillemot,breeding,Clupeidae,125464,0.13,413.0,REF001
1880,2009,57.68,-2.3,Troup Head,Uria aalge,137133,Common guillemot,breeding,Gadidae,125469,0.08,413.0,REF001
1881,2009,57.68,-2.3,Troup Head,Uria aalge,137133,Common guillemot,breeding,Actinopterygii,10194,0.0,413.0,REF001
1882,2001,57.05,-6.53,Canna,Phalacrocorax aristotelis,137178,European shag,breeding,Ammodytidae,125516,0.3991,7.0,REF074
1883,2001,57.05,-6.53,Canna,Phalacrocorax aristotelis,137178,European shag,breeding,Ammodytidae,125516,0.1923,7.0,REF074
1884,2001,57.05,-6.53,Canna,Phalacrocorax aristotelis,137178,European shag,breeding,Gadidae,125469,0.5469,7.0,REF074
1885,2001,57.05,-6.53,Canna,Phalacrocorax aristotelis,137178,European shag,breeding,Gadidae,125469,0.6154,7.0,REF074
1886,2001,57.05,-6.53,Canna,Phalacrocorax aristotelis,137178,European shag,breeding,Pholidae,125550,0.0016,7.0,REF074
1887,2001,57.05,-6.53,Canna,Phalacrocorax aristotelis,137178,European shag,breeding,Pholidae,125550,0.0385,7.0,REF074
1888,2001,57.05,-6.53,Canna,Phalacrocorax aristotelis,137178,European shag,breeding,Trisopterus,125739,0.0525,7.0,REF074
1889,2001,57.05,-6.53,Canna,Phalacrocorax aristotelis,137178,European shag,breeding,Trisopterus,125739,0.1539,7.0,REF074
1890,2003,57.05,-6.53,Canna,Phalacrocorax aristotelis,137178,European shag,breeding,Ammodytidae,125516,0.1114,20.0,REF074
1891,2003,57.05,-6.53,Canna,Phalacrocorax aristotelis,137178,European shag,breeding,Callionymidae,125522,0.0007,20.0,REF074
1892,2003,57.05,-6.53,Canna,Phalacrocorax aristotelis,137178,European shag,breeding,Gadidae,125469,0.7294,20.0,REF074
1893,2003,57.05,-6.53,Canna,Phalacrocorax aristotelis,137178,European shag,breeding,Lotidae,125470,0.005,20.0,REF074
1894,2003,57.05,-6.53,Canna,Phalacrocorax aristotelis,137178,European shag,breeding,Pleuronectidae,125579,0.0007,20.0,REF074
1895,2003,57.05,-6.53,Canna,Phalacrocorax aristotelis,137178,European shag,breeding,Trisopterus,125739,0.1527,20.0,REF074
1896,2004,57.05,-6.53,Canna,Phalacrocorax aristotelis,137178,European shag,breeding,Ammodytidae,125516,0.042,9.0,REF074
1897,2004,57.05,-6.53,Canna,Phalacrocorax aristotelis,137178,European shag,breeding,Gadidae,125469,0.89,9.0,REF074
1898,2004,57.05,-6.53,Canna,Phalacrocorax aristotelis,137178,European shag,breeding,Lotidae,125470,0.006,9.0,REF074
1899,2004,57.05,-6.53,Canna,Phalacrocorax aristotelis,137178,European shag,breeding,Trisopterus,125739,0.063,9.0,REF074
1900,2006,57.05,-6.53,Canna,Phalacrocorax aristotelis,137178,European shag,breeding,Ammodytidae,125516,0.0,26.0,REF074
1901,2006,57.05,-6.53,Canna,Phalacrocorax aristotelis,137178,European shag,breeding,Callionymidae,125522,0.0,26.0,REF074
1902,2006,57.05,-6.53,Canna,Phalacrocorax aristotelis,137178,European shag,breeding,Cottidae,125589,0.0,26.0,REF074
1903,2006,57.05,-6.53,Canna,Phalacrocorax aristotelis,137178,European shag,breeding,Gadidae,125469,0.841,26.0,REF074
1904,2006,57.05,-6.53,Canna,Phalacrocorax aristotelis,137178,European shag,breeding,Labridae,125541,0.0,26.0,REF074
1905,2006,57.05,-6.53,Canna,Phalacrocorax aristotelis,137178,European shag,breeding,Pleuronectidae,125579,0.009,26.0,REF074
1906,2006,57.05,-6.53,Canna,Phalacrocorax aristotelis,137178,European shag,breeding,Trisopterus,125739,0.148,26.0,REF074
1907,2007,57.05,-6.53,Canna,Phalacrocorax aristotelis,137178,European shag,breeding,Ammodytidae,125516,0.037,26.0,REF074
1908,2007,57.05,-6.53,Canna,Phalacrocorax aristotelis,137178,European shag,breeding,Cephalopoda,11707,0.0,26.0,REF074
1909,2007,57.05,-6.53,Canna,Phalacrocorax aristotelis,137178,European shag,breeding,Cottidae,125589,0.0,26.0,REF074
1910,2007,57.05,-6.53,Canna,Phalacrocorax aristotelis,137178,European shag,breeding,Crustacea,1066,0.0,26.0,REF074
1911,2007,57.05,-6.53,Canna,Phalacrocorax aristotelis,137178,European shag,breeding,Gadidae,125469,0.804,26.0,REF074
1912,2007,57.05,-6.53,Canna,Phalacrocorax aristotelis,137178,European shag,breeding,Labridae,125541,0.002,26.0,REF074
1913,2007,57.05,-6.53,Canna,Phalacrocorax aristotelis,137178,European shag,breeding,Pholidae,125550,0.001,26.0,REF074
1914,2007,57.05,-6.53,Canna,Phalacrocorax aristotelis,137178,European shag,breeding,Actinopterygii,10194,0.031,26.0,REF074
1915,2007,57.05,-6.53,Canna,Phalacrocorax aristotelis,137178,European shag,breeding,Syngnathidae,125606,0.0,26.0,REF074
1916,2007,57.05,-6.53,Canna,Phalacrocorax aristotelis,137178,European shag,breeding,Trisopterus,125739,0.123,26.0,REF074
1917,2007,57.05,-6.53,Canna,Phalacrocorax aristotelis,137178,European shag,breeding,Zoarces viviparus,127123,0.0,26.0,REF074
1918,2008,57.05,-6.53,Canna,Phalacrocorax aristotelis,137178,European shag,breeding,Ammodytidae,125516,0.367,7.0,REF074
1919,2008,57.05,-6.53,Canna,Phalacrocorax aristotelis,137178,European shag,breeding,Gobiidae,125537,0.005,7.0,REF074
1920,2008,57.05,-6.53,Canna,Phalacrocorax aristotelis,137178,European shag,breeding,Labridae,125541,0.014,7.0,REF074
1921,2008,57.05,-6.53,Canna,Phalacrocorax aristotelis,137178,European shag,breeding,Lotidae,125470,0.014,7.0,REF074
1922,2008,57.05,-6.53,Canna,Phalacrocorax aristotelis,137178,European shag,breeding,Merlangius merlangus,126438,0.582,7.0,REF074
1923,2008,57.05,-6.53,Canna,Phalacrocorax aristotelis,137178,European shag,breeding,Mollusca,51,0.003,7.0,REF074
1924,2008,57.05,-6.53,Canna,Phalacrocorax aristotelis,137178,European shag,breeding,Actinopterygii,10194,0.011,7.0,REF074
1925,2008,57.05,-6.53,Canna,Phalacrocorax aristotelis,137178,European shag,breeding,Pleuronectidae,125579,0.005,7.0,REF074
1926,2009,57.05,-6.53,Canna,Phalacrocorax aristotelis,137178,European shag,breeding,Ammodytidae,125516,0.059,4.0,REF074
1927,2009,57.05,-6.53,Canna,Phalacrocorax aristotelis,137178,European shag,breeding,Crustacea,1066,0.035,4.0,REF074
1928,2009,57.05,-6.53,Canna,Phalacrocorax aristotelis,137178,European shag,breeding,Gadidae,125469,0.832,4.0,REF074
1929,2009,57.05,-6.53,Canna,Phalacrocorax aristotelis,137178,European shag,breeding,Polychaeta,883,0.003,4.0,REF074
1930,2009,57.05,-6.53,Canna,Phalacrocorax aristotelis,137178,European shag,breeding,Trisopterus,125739,0.071,4.0,REF074
1931,2010,57.05,-6.53,Canna,Phalacrocorax aristotelis,137178,European shag,breeding,Ammodytidae,125516,0.239,9.0,REF074
1932,2010,57.05,-6.53,Canna,Phalacrocorax aristotelis,137178,European shag,breeding,Callionymidae,125522,0.533,9.0,REF074
1933,2010,57.05,-6.53,Canna,Phalacrocorax aristotelis,137178,European shag,breeding,Cephalopoda,11707,0.005,9.0,REF074
1934,2010,57.05,-6.53,Canna,Phalacrocorax aristotelis,137178,European shag,breeding,Cephalopoda,11707,0.004,9.0,REF074
1935,2010,57.05,-6.53,Canna,Phalacrocorax aristotelis,137178,European shag,breeding,Clupeidae,125464,0.004,9.0,REF074
1936,2010,57.05,-6.53,Canna,Phalacrocorax aristotelis,137178,European shag,breeding,Crustacea,1066,0.005,9.0,REF074
1937,2010,57.05,-6.53,Canna,Phalacrocorax aristotelis,137178,European shag,breeding,Crustacea,1066,0.004,9.0,REF074
1938,2010,57.05,-6.53,Canna,Phalacrocorax aristotelis,137178,European shag,breeding,Gadidae,125469,0.59,9.0,REF074
1939,2010,57.05,-6.53,Canna,Phalacrocorax aristotelis,137178,European shag,breeding,Gobiidae,125537,0.012,9.0,REF074
1940,2010,57.05,-6.53,Canna,Phalacrocorax aristotelis,137178,European shag,breeding,Labridae,125541,0.023,9.0,REF074
1941,2010,57.05,-6.53,Canna,Phalacrocorax aristotelis,137178,European shag,breeding,Labridae,125541,0.021,9.0,REF074
1942,2010,57.05,-6.53,Canna,Phalacrocorax aristotelis,137178,European shag,breeding,Lotidae,125470,0.068,9.0,REF074
1943,2010,57.05,-6.53,Canna,Phalacrocorax aristotelis,137178,European shag,breeding,Merlangius merlangus,126438,0.068,9.0,REF074
1944,2010,57.05,-6.53,Canna,Phalacrocorax aristotelis,137178,European shag,breeding,Mollusca,51,0.005,9.0,REF074
1945,2010,57.05,-6.53,Canna,Phalacrocorax aristotelis,137178,European shag,breeding,Mollusca,51,0.004,9.0,REF074
1946,2010,57.05,-6.53,Canna,Phalacrocorax aristotelis,137178,European shag,breeding,Pleuronectidae,125579,0.057,9.0,REF074
1947,2011,57.05,-6.53,Canna,Phalacrocorax aristotelis,137178,European shag,breeding,Ammodytidae,125516,0.288,4.0,REF074
1948,2011,57.05,-6.53,Canna,Phalacrocorax aristotelis,137178,European shag,breeding,Callionymidae,125522,0.052,4.0,REF074
1949,2011,57.05,-6.53,Canna,Phalacrocorax aristotelis,137178,European shag,breeding,Gadidae,125469,0.166,4.0,REF074
1950,2011,57.05,-6.53,Canna,Phalacrocorax aristotelis,137178,European shag,breeding,Lotidae,125470,0.036,4.0,REF074
1951,2011,57.05,-6.53,Canna,Phalacrocorax aristotelis,137178,European shag,breeding,Merlangius merlangus,126438,0.459,4.0,REF074
1952,2012,57.05,-6.53,Canna,Phalacrocorax aristotelis,137178,European shag,breeding,Ammodytidae,125516,0.182,6.0,REF074
1953,2012,57.05,-6.53,Canna,Phalacrocorax aristotelis,137178,European shag,breeding,Gadidae,125469,0.8,6.0,REF074
1954,2012,57.05,-6.53,Canna,Phalacrocorax aristotelis,137178,European shag,breeding,Labridae,125541,0.004,6.0,REF074
1955,2012,57.05,-6.53,Canna,Phalacrocorax aristotelis,137178,European shag,breeding,Lotidae,125470,0.013,6.0,REF074
1956,2013,57.05,-6.53,Canna,Phalacrocorax aristotelis,137178,European shag,breeding,Ammodytidae,125516,0.026,10.0,REF074
1957,2013,57.05,-6.53,Canna,Phalacrocorax aristotelis,137178,European shag,breeding,Ammodytidae,125516,0.229,8.0,REF074
1958,2013,57.05,-6.53,Canna,Phalacrocorax aristotelis,137178,European shag,breeding,Callionymidae,125522,0.0019,10.0,REF074
1959,2013,57.05,-6.53,Canna,Phalacrocorax aristotelis,137178,European shag,breeding,Callionymidae,125522,0.018,8.0,REF074
1960,2013,57.05,-6.53,Canna,Phalacrocorax aristotelis,137178,European shag,breeding,Cephalopoda,11707,0.0019,10.0,REF074
1961,2013,57.05,-6.53,Canna,Phalacrocorax aristotelis,137178,European shag,breeding,Cottidae,125589,0.007,8.0,REF074
1962,2013,57.05,-6.53,Canna,Phalacrocorax aristotelis,137178,European shag,breeding,Echinoidea,123082,0.007,8.0,REF074
1963,2013,57.05,-6.53,Canna,Phalacrocorax aristotelis,137178,European shag,breeding,Gadidae,125469,0.79,10.0,REF074
1964,2013,57.05,-6.53,Canna,Phalacrocorax aristotelis,137178,European shag,breeding,Gadidae,125469,0.639,8.0,REF074
1965,2013,57.05,-6.53,Canna,Phalacrocorax aristotelis,137178,European shag,breeding,Gobiidae,125537,0.1536,10.0,REF074
1966,2013,57.05,-6.53,Canna,Phalacrocorax aristotelis,137178,European shag,breeding,Gobiidae,125537,0.064,8.0,REF074
1967,2013,57.05,-6.53,Canna,Phalacrocorax aristotelis,137178,European shag,breeding,Labridae,125541,0.0318,10.0,REF074
1968,2013,57.05,-6.53,Canna,Phalacrocorax aristotelis,137178,European shag,breeding,Lotidae,125470,0.015,10.0,REF074
1969,2013,57.05,-6.53,Canna,Phalacrocorax aristotelis,137178,European shag,breeding,Lotidae,125470,0.004,8.0,REF074
1970,2013,57.05,-6.53,Canna,Phalacrocorax aristotelis,137178,European shag,breeding,Merlangius merlangus,126438,0.0,8.0,REF074
1971,2013,57.05,-6.53,Canna,Phalacrocorax aristotelis,137178,European shag,breeding,Mollusca,51,0.0131,10.0,REF074
1972,2013,57.05,-6.53,Canna,Phalacrocorax aristotelis,137178,European shag,breeding,Pholidae,125550,0.011,8.0,REF074
1973,2013,57.05,-6.53,Canna,Phalacrocorax aristotelis,137178,European shag,breeding,Pleuronectidae,125579,0.021,8.0,REF074
1974,2014,57.05,-6.53,Canna,Phalacrocorax aristotelis,137178,European shag,breeding,Ammodytidae,125516,0.3826,4.0,REF074
1975,2014,57.05,-6.53,Canna,Phalacrocorax aristotelis,137178,European shag,breeding,Ammodytidae,125516,0.3846,2.0,REF074
1976,2014,57.05,-6.53,Canna,Phalacrocorax aristotelis,137178,European shag,breeding,Callionymidae,125522,0.0024,4.0,REF074
1977,2014,57.05,-6.53,Canna,Phalacrocorax aristotelis,137178,European shag,breeding,Gadidae,125469,0.6053,4.0,REF074
1978,2014,57.05,-6.53,Canna,Phalacrocorax aristotelis,137178,European shag,breeding,Gadidae,125469,0.6154,2.0,REF074
1979,2014,57.05,-6.53,Canna,Phalacrocorax aristotelis,137178,European shag,breeding,Lotidae,125470,0.005,4.0,REF074
1980,2014,57.05,-6.53,Canna,Phalacrocorax aristotelis,137178,European shag,breeding,Pleuronectidae,125579,0.0048,4.0,REF074
1981,2015,57.05,-6.53,Canna,Phalacrocorax aristotelis,137178,European shag,breeding,Ammodytidae,125516,0.7959,26.0,REF074
1982,2015,57.05,-6.53,Canna,Phalacrocorax aristotelis,137178,European shag,breeding,Callionymidae,125522,0.0007,26.0,REF074
1983,2015,57.05,-6.53,Canna,Phalacrocorax aristotelis,137178,European shag,breeding,Gadidae,125469,0.199,26.0,REF074
1984,2015,57.05,-6.53,Canna,Phalacrocorax aristotelis,137178,European shag,breeding,Lotidae,125470,0.0029,26.0,REF074
1985,2015,57.05,-6.53,Canna,Phalacrocorax aristotelis,137178,European shag,breeding,Pleuronectidae,125579,0.0015,26.0,REF074
1986,1997,57.05,-6.53,Canna,Phalacrocorax aristotelis,137178,European shag,breeding,Ammodytidae,125516,0.38,261.0,REF080
1987,1994,57.05,-6.53,Canna,Phalacrocorax aristotelis,137178,European shag,breeding,Ammodytidae,125516,0.67,134.0,REF080
1988,1994,57.05,-6.53,Canna,Phalacrocorax aristotelis,137178,European shag,breeding,Aphrodita aculeata,129840,0.007,134.0,REF080
1989,1997,57.05,-6.53,Canna,Phalacrocorax aristotelis,137178,European shag,breeding,Callionymus,125930,0.01,261.0,REF080
1990,1997,57.05,-6.53,Canna,Phalacrocorax aristotelis,137178,European shag,breeding,Cephalopoda,11707,0.01,261.0,REF080
1991,1994,57.05,-6.53,Canna,Phalacrocorax aristotelis,137178,European shag,breeding,Clupea harengus,126417,0.007,134.0,REF080
1992,1997,57.05,-6.53,Canna,Phalacrocorax aristotelis,137178,European shag,breeding,Cottidae,125589,0.004,261.0,REF080
1993,1997,57.05,-6.53,Canna,Phalacrocorax aristotelis,137178,European shag,breeding,Crustacea,1066,0.01,261.0,REF080
1994,1994,57.05,-6.53,Canna,Phalacrocorax aristotelis,137178,European shag,breeding,Crustacea,1066,0.007,134.0,REF080
1995,1997,57.05,-6.53,Canna,Phalacrocorax aristotelis,137178,European shag,breeding,Entelurus aequoreus,127379,0.01,261.0,REF080
1996,1994,57.05,-6.53,Canna,Phalacrocorax aristotelis,137178,European shag,breeding,Entelurus aequoreus,127379,0.007,134.0,REF080
1997,1997,57.05,-6.53,Canna,Phalacrocorax aristotelis,137178,European shag,breeding,Gadidae,125469,0.93,261.0,REF080
1998,1994,57.05,-6.53,Canna,Phalacrocorax aristotelis,137178,European shag,breeding,Gadus morhua,126436,0.03,134.0,REF080
1999,1997,57.05,-6.53,Canna,Phalacrocorax aristotelis,137178,European shag,breeding,Gobiidae,125537,0.03,261.0,REF080
2000,1997,57.05,-6.53,Canna,Phalacrocorax aristotelis,137178,European shag,breeding,Labridae,125541,0.03,261.0,REF080
2001,1994,57.05,-6.53,Canna,Phalacrocorax aristotelis,137178,European shag,breeding,Lotidae,125470,0.03,134.0,REF080
2002,1994,57.05,-6.53,Canna,Phalacrocorax aristotelis,137178,European shag,breeding,Merlangius merlangus,126438,0.14,134.0,REF080
2003,1994,57.05,-6.53,Canna,Phalacrocorax aristotelis,137178,European shag,breeding,Myoxocephalus scorpius,127203,0.007,134.0,REF080
2004,1997,57.05,-6.53,Canna,Phalacrocorax aristotelis,137178,European shag,breeding,Pholis gunnellus,126996,0.02,261.0,REF080
2005,1994,57.05,-6.53,Canna,Phalacrocorax aristotelis,137178,European shag,breeding,Pholis gunnellus,126996,0.007,134.0,REF080
2006,1994,57.05,-6.53,Canna,Phalacrocorax aristotelis,137178,European shag,breeding,Actinopterygii,10194,0.007,134.0,REF080
2007,1997,57.05,-6.53,Canna,Phalacrocorax aristotelis,137178,European shag,breeding,Pleuronectidae,125579,0.02,261.0,REF080
2008,1994,57.05,-6.53,Canna,Phalacrocorax aristotelis,137178,European shag,breeding,Sprattus sprattus,126425,0.007,134.0,REF080
2009,1994,57.05,-6.53,Canna,Phalacrocorax aristotelis,137178,European shag,breeding,Trisopterus,125739,0.16,134.0,REF080
2010,1994,57.05,-6.53,Canna,Phalacrocorax aristotelis,137178,European shag,breeding,Zoarces viviparus,127123,0.007,134.0,REF080
2011,1933,50.266,-5.0527,Cornwall,Phalacrocorax aristotelis,137178,European shag,breeding,Ammodytidae,125516,0.51,7.0,REF070
2012,1933,50.266,-5.0527,Cornwall,Phalacrocorax aristotelis,137178,European shag,breeding,Clupeidae,125464,0.3,7.0,REF070
2013,1933,50.266,-5.0527,Cornwall,Phalacrocorax aristotelis,137178,European shag,breeding,Gadidae,125469,0.03,7.0,REF070
2014,1933,50.266,-5.0527,Cornwall,Phalacrocorax aristotelis,137178,European shag,breeding,Gobiidae,125537,0.02,7.0,REF070
2015,1933,50.266,-5.0527,Cornwall,Phalacrocorax aristotelis,137178,European shag,breeding,Labridae,125541,0.13,7.0,REF070
2016,1933,50.266,-5.0527,Cornwall,Phalacrocorax aristotelis,137178,European shag,breeding,other,,0.14,7.0,REF070
2017,1986,59.56,-1.63,Fair Isle,Phalacrocorax aristotelis,137178,European shag,breeding,Ammodytidae,125516,1.0,11.0,REF029
2018,1987,59.56,-1.63,Fair Isle,Phalacrocorax aristotelis,137178,European shag,breeding,Ammodytidae,125516,1.0,35.0,REF029
2019,1988,59.56,-1.63,Fair Isle,Phalacrocorax aristotelis,137178,European shag,breeding,Ammodytidae,125516,0.93,11.0,REF029
2020,1988,59.56,-1.63,Fair Isle,Phalacrocorax aristotelis,137178,European shag,breeding,Taurulus bubalis,127204,0.07,11.0,REF029
2021,1962,55.6167,-1.6483,Farne Islands,Phalacrocorax aristotelis,137178,European shag,breeding,Ammodytidae,125516,0.81,24.0,REF062
2022,1962,55.6167,-1.6483,Farne Islands,Phalacrocorax aristotelis,137178,European shag,breeding,Cottidae,125589,0.01,24.0,REF062
2023,1962,55.6167,-1.6483,Farne Islands,Phalacrocorax aristotelis,137178,European shag,breeding,Crustacea,1066,0.01,24.0,REF062
2024,1962,55.6167,-1.6483,Farne Islands,Phalacrocorax aristotelis,137178,European shag,breeding,Gadidae,125469,0.04,24.0,REF062
2025,1962,55.6167,-1.6483,Farne Islands,Phalacrocorax aristotelis,137178,European shag,breeding,Pholis gunnellus,126996,0.08,24.0,REF062
2026,1962,55.6167,-1.6483,Farne Islands,Phalacrocorax aristotelis,137178,European shag,breeding,Actinopterygii,10194,0.01,24.0,REF062
2027,1962,55.6167,-1.6483,Farne Islands,Phalacrocorax aristotelis,137178,European shag,breeding,Pleuronectidae,125579,0.02,24.0,REF062
2028,1962,55.6167,-1.6483,Farne Islands,Phalacrocorax aristotelis,137178,European shag,breeding,Salmonidae,125587,0.02,24.0,REF062
2029,1962,55.6167,-1.6483,Farne Islands,Phalacrocorax aristotelis,137178,European shag,breeding,Zoarces viviparus,127123,0.01,24.0,REF062
2057,1988,56.19,-2.56,Isle of May,Phalacrocorax aristotelis,137178,European shag,breeding,Agonus cataphractus,127190,0.001,1476.0,REF033
2058,1988,56.19,-2.56,Isle of May,Phalacrocorax aristotelis,137178,European shag,breeding,Ammodytidae,125516,0.967,1476.0,REF033
2059,1988,56.19,-2.56,Isle of May,Phalacrocorax aristotelis,137178,European shag,breeding,Ammodytidae,125516,0.99,141.0,REF033
2060,1988,56.19,-2.56,Isle of May,Phalacrocorax aristotelis,137178,European shag,breeding,Anarhichas lupus,126758,0.001,1476.0,REF033
2061,1988,56.19,-2.56,Isle of May,Phalacrocorax aristotelis,137178,European shag,breeding,Callionymidae,125522,0.001,141.0,REF033
2062,1988,56.19,-2.56,Isle of May,Phalacrocorax aristotelis,137178,European shag,breeding,Clupea harengus,126417,0.001,1476.0,REF033
2063,1988,56.19,-2.56,Isle of May,Phalacrocorax aristotelis,137178,European shag,breeding,Cottidae,125589,0.003,1476.0,REF033
2064,1988,56.19,-2.56,Isle of May,Phalacrocorax aristotelis,137178,European shag,breeding,Crustacea,1066,0.0,1476.0,REF033
2065,1988,56.19,-2.56,Isle of May,Phalacrocorax aristotelis,137178,European shag,breeding,Crustacea,1066,0.006,141.0,REF033
2066,1988,56.19,-2.56,Isle of May,Phalacrocorax aristotelis,137178,European shag,breeding,Gobiidae,125537,0.008,1476.0,REF033
2067,1988,56.19,-2.56,Isle of May,Phalacrocorax aristotelis,137178,European shag,breeding,Limanda,126117,0.005,1476.0,REF033
2068,1988,56.19,-2.56,Isle of May,Phalacrocorax aristotelis,137178,European shag,breeding,Lotidae,125470,0.019,1476.0,REF033
2069,1988,56.19,-2.56,Isle of May,Phalacrocorax aristotelis,137178,European shag,breeding,Mollusca,51,0.0,1476.0,REF033
2070,1988,56.19,-2.56,Isle of May,Phalacrocorax aristotelis,137178,European shag,breeding,Pholidae,125550,0.001,141.0,REF033
2071,1988,56.19,-2.56,Isle of May,Phalacrocorax aristotelis,137178,European shag,breeding,Actinopterygii,10194,0.002,141.0,REF033
2072,1988,56.19,-2.56,Isle of May,Phalacrocorax aristotelis,137178,European shag,breeding,Polychaeta,883,0.0,1476.0,REF033
2073,1988,56.19,-2.56,Isle of May,Phalacrocorax aristotelis,137178,European shag,breeding,Zoarces viviparus,127123,0.001,1476.0,REF033
2099,1991,56.19,-2.56,Isle of May,Phalacrocorax aristotelis,137178,European shag,breeding,Ammodytidae,125516,0.83,84.0,REF034
2100,1991,56.19,-2.56,Isle of May,Phalacrocorax aristotelis,137178,European shag,breeding,Ammodytidae,125516,1.0,20.0,REF034
2102,1991,56.19,-2.56,Isle of May,Phalacrocorax aristotelis,137178,European shag,breeding,Ammodytidae,125516,0.99,29.0,REF034
2103,1991,56.19,-2.56,Isle of May,Phalacrocorax aristotelis,137178,European shag,breeding,Callionymidae,125522,0.0,84.0,REF034
2104,1991,56.19,-2.56,Isle of May,Phalacrocorax aristotelis,137178,European shag,breeding,Callionymidae,125522,0.0,20.0,REF034
2106,1991,56.19,-2.56,Isle of May,Phalacrocorax aristotelis,137178,European shag,breeding,Callionymidae,125522,0.005,29.0,REF034
2107,1991,56.19,-2.56,Isle of May,Phalacrocorax aristotelis,137178,European shag,breeding,Clupeidae,125464,0.006,84.0,REF034
2108,1991,56.19,-2.56,Isle of May,Phalacrocorax aristotelis,137178,European shag,breeding,Clupeidae,125464,0.0,20.0,REF034
2110,1991,56.19,-2.56,Isle of May,Phalacrocorax aristotelis,137178,European shag,breeding,Clupeidae,125464,0.0,29.0,REF034
2111,1991,56.19,-2.56,Isle of May,Phalacrocorax aristotelis,137178,European shag,breeding,Cottidae,125589,0.0,84.0,REF034
2112,1991,56.19,-2.56,Isle of May,Phalacrocorax aristotelis,137178,European shag,breeding,Cottidae,125589,0.0,20.0,REF034
2114,1991,56.19,-2.56,Isle of May,Phalacrocorax aristotelis,137178,European shag,breeding,Cottidae,125589,0.0,29.0,REF034
2115,1991,56.19,-2.56,Isle of May,Phalacrocorax aristotelis,137178,European shag,breeding,Crustacea,1066,0.005,84.0,REF034
2116,1991,56.19,-2.56,Isle of May,Phalacrocorax aristotelis,137178,European shag,breeding,Crustacea,1066,0.0,20.0,REF034
2117,1991,56.19,-2.56,Isle of May,Phalacrocorax aristotelis,137178,European shag,breeding,Crustacea,1066,0.0,29.0,REF034
2118,1991,56.19,-2.56,Isle of May,Phalacrocorax aristotelis,137178,European shag,breeding,Gadidae,125469,0.15,84.0,REF034
2119,1991,56.19,-2.56,Isle of May,Phalacrocorax aristotelis,137178,European shag,breeding,Gadidae,125469,0.0,20.0,REF034
2121,1991,56.19,-2.56,Isle of May,Phalacrocorax aristotelis,137178,European shag,breeding,Gadidae,125469,0.0,29.0,REF034
2122,1991,56.19,-2.56,Isle of May,Phalacrocorax aristotelis,137178,European shag,breeding,Gobiidae,125537,0.006,84.0,REF034
2123,1991,56.19,-2.56,Isle of May,Phalacrocorax aristotelis,137178,European shag,breeding,Gobiidae,125537,0.0,20.0,REF034
2124,1991,56.19,-2.56,Isle of May,Phalacrocorax aristotelis,137178,European shag,breeding,Gobiidae,125537,0.0,29.0,REF034
2125,1991,56.19,-2.56,Isle of May,Phalacrocorax aristotelis,137178,European shag,breeding,Labridae,125541,0.0,84.0,REF034
2126,1991,56.19,-2.56,Isle of May,Phalacrocorax aristotelis,137178,European shag,breeding,Labridae,125541,0.0,20.0,REF034
2127,1991,56.19,-2.56,Isle of May,Phalacrocorax aristotelis,137178,European shag,breeding,Labridae,125541,0.0,29.0,REF034
2128,1991,56.19,-2.56,Isle of May,Phalacrocorax aristotelis,137178,European shag,breeding,Pholidae,125550,0.0,84.0,REF034
2129,1991,56.19,-2.56,Isle of May,Phalacrocorax aristotelis,137178,European shag,breeding,Pholidae,125550,0.0,20.0,REF034
2131,1991,56.19,-2.56,Isle of May,Phalacrocorax aristotelis,137178,European shag,breeding,Pholidae,125550,0.005,29.0,REF034
2133,1991,56.19,-2.56,Isle of May,Phalacrocorax aristotelis,137178,European shag,breeding,Pleuronectidae,125579,0.005,84.0,REF034
2134,1991,56.19,-2.56,Isle of May,Phalacrocorax aristotelis,137178,European shag,breeding,Pleuronectidae,125579,0.0,20.0,REF034
2135,1991,56.19,-2.56,Isle of May,Phalacrocorax aristotelis,137178,European shag,breeding,Pleuronectidae,125579,0.0,29.0,REF034
2342,1965,57.8197,-5.6352,Loch Ewe,Phalacrocorax aristotelis,137178,European shag,breeding & non-breeding,Ammodytidae,125516,0.065,62.0,REF049
2343,1965,57.8197,-5.6352,Loch Ewe,Phalacrocorax aristotelis,137178,European shag,breeding & non-breeding,Callionymus lyra,126792,0.097,62.0,REF049
2344,1965,57.8197,-5.6352,Loch Ewe,Phalacrocorax aristotelis,137178,European shag,breeding & non-breeding,Clupea harengus,126417,0.242,62.0,REF049
2345,1965,57.8197,-5.6352,Loch Ewe,Phalacrocorax aristotelis,137178,European shag,breeding & non-breeding,Taurulus bubalis,127204,0.129,62.0,REF049
2346,1965,57.8197,-5.6352,Loch Ewe,Phalacrocorax aristotelis,137178,European shag,breeding & non-breeding,Crangon crangon,107552,0.048,62.0,REF049
2347,1965,57.8197,-5.6352,Loch Ewe,Phalacrocorax aristotelis,137178,European shag,breeding & non-breeding,Gadidae,125469,0.161,62.0,REF049
2348,1965,57.8197,-5.6352,Loch Ewe,Phalacrocorax aristotelis,137178,European shag,breeding & non-breeding,Trisopterus minutus,126446,0.016,62.0,REF049
2349,1965,57.8197,-5.6352,Loch Ewe,Phalacrocorax aristotelis,137178,European shag,breeding & non-breeding,Gadus morhua,126436,0.065,62.0,REF049
2350,1965,57.8197,-5.6352,Loch Ewe,Phalacrocorax aristotelis,137178,European shag,breeding & non-breeding,Gaidropsarus vulgaris,126458,0.032,62.0,REF049
2351,1965,57.8197,-5.6352,Loch Ewe,Phalacrocorax aristotelis,137178,European shag,breeding & non-breeding,Gobius niger,126892,0.032,62.0,REF049
2352,1965,57.8197,-5.6352,Loch Ewe,Phalacrocorax aristotelis,137178,European shag,breeding & non-breeding,Gobiusculus flavescens,126898,0.016,62.0,REF049
2353,1965,57.8197,-5.6352,Loch Ewe,Phalacrocorax aristotelis,137178,European shag,breeding & non-breeding,Labrus,126021,0.048,62.0,REF049
2354,1965,57.8197,-5.6352,Loch Ewe,Phalacrocorax aristotelis,137178,European shag,breeding & non-breeding,Littorina saxatilis,140264,0.016,62.0,REF049
2355,1965,57.8197,-5.6352,Loch Ewe,Phalacrocorax aristotelis,137178,European shag,breeding & non-breeding,Nerophis lumbriciformis,127383,0.016,62.0,REF049
2356,1965,57.8197,-5.6352,Loch Ewe,Phalacrocorax aristotelis,137178,European shag,breeding & non-breeding,Nucella lapillus,140403,0.016,62.0,REF049
2357,1965,57.8197,-5.6352,Loch Ewe,Phalacrocorax aristotelis,137178,European shag,breeding & non-breeding,Pagurus bernhardus,107232,0.016,62.0,REF049
2358,1965,57.8197,-5.6352,Loch Ewe,Phalacrocorax aristotelis,137178,European shag,breeding & non-breeding,Pandalus montagui,107651,0.097,62.0,REF049
2359,1965,57.8197,-5.6352,Loch Ewe,Phalacrocorax aristotelis,137178,European shag,breeding & non-breeding,Paphia,138643,0.016,62.0,REF049
2360,1965,57.8197,-5.6352,Loch Ewe,Phalacrocorax aristotelis,137178,European shag,breeding & non-breeding,Pholis gunnellus,126996,0.097,62.0,REF049
2361,1965,57.8197,-5.6352,Loch Ewe,Phalacrocorax aristotelis,137178,European shag,breeding & non-breeding,Actinopterygii,10194,0.21,62.0,REF049
2362,1965,57.8197,-5.6352,Loch Ewe,Phalacrocorax aristotelis,137178,European shag,breeding & non-breeding,Pollachius virens,126441,0.081,62.0,REF049
2363,1965,57.8197,-5.6352,Loch Ewe,Phalacrocorax aristotelis,137178,European shag,breeding & non-breeding,Spinachia spinachia,126508,0.016,62.0,REF049
2364,1965,57.8197,-5.6352,Loch Ewe,Phalacrocorax aristotelis,137178,European shag,breeding & non-breeding,Syngnathus acus,127387,0.016,62.0,REF049
2365,1956,51.17,-4.67,Lundy,Phalacrocorax aristotelis,137178,European shag,breeding,Ammodytidae,125516,1.0,21.0,REF068
2366,1956,51.17,-4.67,Lundy,Phalacrocorax aristotelis,137178,European shag,breeding,Crustacea,1066,0.38,21.0,REF068
2367,1957,51.17,-4.67,Lundy,Phalacrocorax aristotelis,137178,European shag,breeding,Ammodytidae,125516,1.0,27.0,REF068
2368,1957,51.17,-4.67,Lundy,Phalacrocorax aristotelis,137178,European shag,breeding,Crustacea,1066,0.037,27.0,REF068
2369,1991,59.85429,-1.2753087,Sumburgh Head,Phalacrocorax aristotelis,137178,European shag,breeding,Ammodytidae,125516,0.9,29.0,REF099
2370,1991,59.85429,-1.2753087,Sumburgh Head,Phalacrocorax aristotelis,137178,European shag,breeding,Ammodytidae,125516,0.48,29.0,REF099
2371,1991,59.85429,-1.2753087,Sumburgh Head,Phalacrocorax aristotelis,137178,European shag,breeding,Ammodytidae,125516,0.42,29.0,REF099
2372,1991,59.85429,-1.2753087,Sumburgh Head,Phalacrocorax aristotelis,137178,European shag,breeding,Pollachius virens,126441,0.1,29.0,REF099
2373,1938,55.7536,-4.9286,"SW-Scotland, Clyde",Phalacrocorax aristotelis,137178,European shag,breeding & non-breeding,Agonidae,125588,0.003,81.0,REF046
2374,1938,55.7536,-4.9286,"SW-Scotland, Clyde",Phalacrocorax aristotelis,137178,European shag,breeding & non-breeding,Ammodytidae,125516,0.541,81.0,REF046
2375,1938,55.7536,-4.9286,"SW-Scotland, Clyde",Phalacrocorax aristotelis,137178,European shag,breeding & non-breeding,Annelida,882,0.006,81.0,REF046
2376,1938,55.7536,-4.9286,"SW-Scotland, Clyde",Phalacrocorax aristotelis,137178,European shag,breeding & non-breeding,Blenniidae,125519,0.083,81.0,REF046
2377,1938,55.7536,-4.9286,"SW-Scotland, Clyde",Phalacrocorax aristotelis,137178,European shag,breeding & non-breeding,Callionymidae,125522,0.34,81.0,REF046
2378,1938,55.7536,-4.9286,"SW-Scotland, Clyde",Phalacrocorax aristotelis,137178,European shag,breeding & non-breeding,Clupeidae,125464,0.114,81.0,REF046
2379,1938,55.7536,-4.9286,"SW-Scotland, Clyde",Phalacrocorax aristotelis,137178,European shag,breeding & non-breeding,Cottidae,125589,0.018,81.0,REF046
2380,1938,55.7536,-4.9286,"SW-Scotland, Clyde",Phalacrocorax aristotelis,137178,European shag,breeding & non-breeding,Crustacea,1066,0.072,81.0,REF046
2381,1938,55.7536,-4.9286,"SW-Scotland, Clyde",Phalacrocorax aristotelis,137178,European shag,breeding & non-breeding,Gadidae,125469,0.041,81.0,REF046
2382,1938,55.7536,-4.9286,"SW-Scotland, Clyde",Phalacrocorax aristotelis,137178,European shag,breeding & non-breeding,Gasterosteidae,125476,0.022,81.0,REF046
2383,1938,55.7536,-4.9286,"SW-Scotland, Clyde",Phalacrocorax aristotelis,137178,European shag,breeding & non-breeding,Gobiidae,125537,0.027,81.0,REF046
2384,1938,55.7536,-4.9286,"SW-Scotland, Clyde",Phalacrocorax aristotelis,137178,European shag,breeding & non-breeding,Labridae,125541,0.027,81.0,REF046
2385,1938,55.7536,-4.9286,"SW-Scotland, Clyde",Phalacrocorax aristotelis,137178,European shag,breeding & non-breeding,Mollusca,51,0.001,81.0,REF046
2386,1938,55.7536,-4.9286,"SW-Scotland, Clyde",Phalacrocorax aristotelis,137178,European shag,breeding & non-breeding,Syngnathidae,125606,0.011,81.0,REF046
2387,1985,56.98,-6.32,Rhum,Puffinus puffinus,137203,Manx Shearwater,breeding,Actinopterygii,10194,0.374,76.0,REF087
2388,1985,56.98,-6.32,Rhum,Puffinus puffinus,137203,Manx Shearwater,breeding,Ammodytidae,125516,0.11,76.0,REF087
2389,1985,56.98,-6.32,Rhum,Puffinus puffinus,137203,Manx Shearwater,breeding,Cephalopoda,11707,0.187,76.0,REF087
2390,1985,56.98,-6.32,Rhum,Puffinus puffinus,137203,Manx Shearwater,breeding,Clupeidae,125464,0.11,76.0,REF087
2391,1985,56.98,-6.32,Rhum,Puffinus puffinus,137203,Manx Shearwater,breeding,Gonatus steenstrupi,140027,0.022,76.0,REF087
2392,1985,56.98,-6.32,Rhum,Puffinus puffinus,137203,Manx Shearwater,breeding,Mastigoteuthis,138168,0.011,76.0,REF087
2393,1985,56.98,-6.32,Rhum,Puffinus puffinus,137203,Manx Shearwater,breeding,Ommastrephidae,11760,0.154,76.0,REF087
2394,1985,56.98,-6.32,Rhum,Puffinus puffinus,137203,Manx Shearwater,breeding,Onychoteuthis banksii,140649,0.011,76.0,REF087
2395,1985,56.98,-6.32,Rhum,Puffinus puffinus,137203,Manx Shearwater,breeding,Taonius pavo,139428,0.011,76.0,REF087
2396,1985,56.98,-6.32,Rhum,Puffinus puffinus,137203,Manx Shearwater,breeding,Teuthowenia megalops,139429,0.011,76.0,REF087
2406,1997,59.56,-1.63,Fair Isle,Fulmarus glacialis,137195,Northern fulmar,breeding,Ammodytidae,125516,0.37,118.0,REF024; REF063
2407,1997,59.56,-1.63,Fair Isle,Fulmarus glacialis,137195,Northern fulmar,breeding,Argentina sphyraena,126716,0.0,118.0,REF024; REF063
2408,1997,59.56,-1.63,Fair Isle,Fulmarus glacialis,137195,Northern fulmar,breeding,Caligus coryphaenae,135748,0.33,118.0,REF024; REF063
2409,1997,59.56,-1.63,Fair Isle,Fulmarus glacialis,137195,Northern fulmar,breeding,Cephalopoda,11707,0.06,118.0,REF024; REF063
2410,1997,59.56,-1.63,Fair Isle,Fulmarus glacialis,137195,Northern fulmar,breeding,Clupea harengus,126417,0.0,118.0,REF024; REF063
2411,1997,59.56,-1.63,Fair Isle,Fulmarus glacialis,137195,Northern fulmar,breeding,Clupeidae,125464,0.03,118.0,REF024; REF063
2412,1997,59.56,-1.63,Fair Isle,Fulmarus glacialis,137195,Northern fulmar,breeding,Crustacea,1066,0.18,118.0,REF024; REF063
2413,1997,59.56,-1.63,Fair Isle,Fulmarus glacialis,137195,Northern fulmar,breeding,Euphausiacea,1128,0.01,118.0,REF024; REF063
2414,1997,59.56,-1.63,Fair Isle,Fulmarus glacialis,137195,Northern fulmar,breeding,Eurydice pulchra,118852,0.03,118.0,REF024; REF063
2415,1997,59.56,-1.63,Fair Isle,Fulmarus glacialis,137195,Northern fulmar,breeding,Gadidae,125469,0.14,118.0,REF024; REF063
2416,1997,59.56,-1.63,Fair Isle,Fulmarus glacialis,137195,Northern fulmar,breeding,Gonatus steenstrupi,140027,0.01,118.0,REF024; REF063
2417,1997,59.56,-1.63,Fair Isle,Fulmarus glacialis,137195,Northern fulmar,breeding,Hippoglossoides platessoides,127137,0.01,118.0,REF024; REF063
2418,1997,59.56,-1.63,Fair Isle,Fulmarus glacialis,137195,Northern fulmar,breeding,Hyperia galba,103251,0.04,118.0,REF024; REF063
2419,1997,59.56,-1.63,Fair Isle,Fulmarus glacialis,137195,Northern fulmar,breeding,Melanogrammus aeglefinus,126437,0.03,118.0,REF024; REF063
2420,1997,59.56,-1.63,Fair Isle,Fulmarus glacialis,137195,Northern fulmar,breeding,Merlangius merlangus,126438,0.06,118.0,REF024; REF063
2421,1997,59.56,-1.63,Fair Isle,Fulmarus glacialis,137195,Northern fulmar,breeding,Micromesistius poutassou,126439,0.14,118.0,REF024; REF063
2422,1997,59.56,-1.63,Fair Isle,Fulmarus glacialis,137195,Northern fulmar,breeding,Mysida,149668,0.01,118.0,REF024; REF063
2423,1997,59.56,-1.63,Fair Isle,Fulmarus glacialis,137195,Northern fulmar,breeding,Nephrops,106863,0.04,118.0,REF024; REF063
2424,1997,59.56,-1.63,Fair Isle,Fulmarus glacialis,137195,Northern fulmar,breeding,Pandalus borealis,107649,0.08,118.0,REF024; REF063
2425,1997,59.56,-1.63,Fair Isle,Fulmarus glacialis,137195,Northern fulmar,breeding,Actinopterygii,10194,0.17,118.0,REF024; REF063
2426,1997,59.56,-1.63,Fair Isle,Fulmarus glacialis,137195,Northern fulmar,breeding,other,,0.01,118.0,REF024; REF063
2427,1997,59.56,-1.63,Fair Isle,Fulmarus glacialis,137195,Northern fulmar,breeding,Pollachius,125736,0.03,118.0,REF024; REF063
2428,1997,59.56,-1.63,Fair Isle,Fulmarus glacialis,137195,Northern fulmar,breeding,Scomber scombrus,127023,0.0,118.0,REF024; REF063
2429,1997,59.56,-1.63,Fair Isle,Fulmarus glacialis,137195,Northern fulmar,breeding,Todarodes sagittatus,140624,0.01,118.0,REF024; REF063
2430,1997,59.56,-1.63,Fair Isle,Fulmarus glacialis,137195,Northern fulmar,breeding,Trisopterus,125739,0.14,118.0,REF024; REF063
2431,1997,59.56,-1.63,Fair Isle,Fulmarus glacialis,137195,Northern fulmar,breeding,Trisopterus esmarkii,126444,0.0,118.0,REF024; REF063
2432,1997,59.56,-1.63,Fair Isle,Fulmarus glacialis,137195,Northern fulmar,breeding,Trisopterus minutus,126446,0.14,118.0,REF024; REF063
2433,1998,59.56,-1.63,Fair Isle,Fulmarus glacialis,137195,Northern fulmar,breeding,Ammodytidae,125516,0.0,62.0,REF024
2434,1998,59.56,-1.63,Fair Isle,Fulmarus glacialis,137195,Northern fulmar,breeding,Argentina sphyraena,126716,0.02,62.0,REF024
2435,1998,59.56,-1.63,Fair Isle,Fulmarus glacialis,137195,Northern fulmar,breeding,Caligus coryphaenae,135748,0.34,62.0,REF024
2436,1998,59.56,-1.63,Fair Isle,Fulmarus glacialis,137195,Northern fulmar,breeding,Cephalopoda,11707,0.15,62.0,REF024
2437,1998,59.56,-1.63,Fair Isle,Fulmarus glacialis,137195,Northern fulmar,breeding,Clupea harengus,126417,0.1,62.0,REF024
2438,1998,59.56,-1.63,Fair Isle,Fulmarus glacialis,137195,Northern fulmar,breeding,Clupeidae,125464,0.02,62.0,REF024
2439,1998,59.56,-1.63,Fair Isle,Fulmarus glacialis,137195,Northern fulmar,breeding,Crustacea,1066,0.18,62.0,REF024
2440,1998,59.56,-1.63,Fair Isle,Fulmarus glacialis,137195,Northern fulmar,breeding,Euphausiacea,1128,0.03,62.0,REF024
2441,1998,59.56,-1.63,Fair Isle,Fulmarus glacialis,137195,Northern fulmar,breeding,Eurydice pulchra,118852,0.02,62.0,REF024
2442,1998,59.56,-1.63,Fair Isle,Fulmarus glacialis,137195,Northern fulmar,breeding,Gadidae,125469,0.45,62.0,REF024
2443,1998,59.56,-1.63,Fair Isle,Fulmarus glacialis,137195,Northern fulmar,breeding,Gonatus steenstrupi,140027,0.0,62.0,REF024
2444,1998,59.56,-1.63,Fair Isle,Fulmarus glacialis,137195,Northern fulmar,breeding,Hippoglossoides platessoides,127137,0.0,62.0,REF024
2445,1998,59.56,-1.63,Fair Isle,Fulmarus glacialis,137195,Northern fulmar,breeding,Hyperia galba,103251,0.02,62.0,REF024
2446,1998,59.56,-1.63,Fair Isle,Fulmarus glacialis,137195,Northern fulmar,breeding,Melanogrammus aeglefinus,126437,0.08,62.0,REF024
2447,1998,59.56,-1.63,Fair Isle,Fulmarus glacialis,137195,Northern fulmar,breeding,Merlangius merlangus,126438,0.18,62.0,REF024
2448,1998,59.56,-1.63,Fair Isle,Fulmarus glacialis,137195,Northern fulmar,breeding,Micromesistius poutassou,126439,0.0,62.0,REF024
2449,1998,59.56,-1.63,Fair Isle,Fulmarus glacialis,137195,Northern fulmar,breeding,Mysida,149668,0.0,62.0,REF024
2450,1998,59.56,-1.63,Fair Isle,Fulmarus glacialis,137195,Northern fulmar,breeding,Nephrops,106863,0.0,62.0,REF024
2451,1998,59.56,-1.63,Fair Isle,Fulmarus glacialis,137195,Northern fulmar,breeding,Pandalus borealis,107649,0.0,62.0,REF024
2452,1998,59.56,-1.63,Fair Isle,Fulmarus glacialis,137195,Northern fulmar,breeding,Actinopterygii,10194,0.23,62.0,REF024
2453,1998,59.56,-1.63,Fair Isle,Fulmarus glacialis,137195,Northern fulmar,breeding,other,,0.02,62.0,REF024
2454,1998,59.56,-1.63,Fair Isle,Fulmarus glacialis,137195,Northern fulmar,breeding,Pollachius,125736,0.0,62.0,REF024
2455,1998,59.56,-1.63,Fair Isle,Fulmarus glacialis,137195,Northern fulmar,breeding,Scomber scombrus,127023,0.03,62.0,REF024
2456,1998,59.56,-1.63,Fair Isle,Fulmarus glacialis,137195,Northern fulmar,breeding,Todarodes sagittatus,140624,0.0,62.0,REF024
2457,1998,59.56,-1.63,Fair Isle,Fulmarus glacialis,137195,Northern fulmar,breeding,Trisopterus,125739,0.27,62.0,REF024
2458,1998,59.56,-1.63,Fair Isle,Fulmarus glacialis,137195,Northern fulmar,breeding,Trisopterus esmarkii,126444,0.03,62.0,REF024
2459,1998,59.56,-1.63,Fair Isle,Fulmarus glacialis,137195,Northern fulmar,breeding,Trisopterus minutus,126446,0.02,62.0,REF024
2460,1980,60.13,-2.06,Foula,Fulmarus glacialis,137195,Northern fulmar,breeding,Acanthephyra,107018,0.0,177.0,REF021
2461,1980,60.13,-2.06,Foula,Fulmarus glacialis,137195,Northern fulmar,breeding,Ammodytes marinus,126751,0.723,177.0,REF021
2462,1980,60.13,-2.06,Foula,Fulmarus glacialis,137195,Northern fulmar,breeding,Cephalopoda,11707,0.006,177.0,REF021
2463,1980,60.13,-2.06,Foula,Fulmarus glacialis,137195,Northern fulmar,breeding,Clupeidae,125464,0.0,177.0,REF021
2464,1980,60.13,-2.06,Foula,Fulmarus glacialis,137195,Northern fulmar,breeding,Gnathophausia zoea,119930,0.012,177.0,REF021
2465,1980,60.13,-2.06,Foula,Fulmarus glacialis,137195,Northern fulmar,breeding,Idotea metallica,119047,0.005,177.0,REF021
2466,1980,60.13,-2.06,Foula,Fulmarus glacialis,137195,Northern fulmar,breeding,Liocarcinus,106925,0.0,177.0,REF021
2467,1980,60.13,-2.06,Foula,Fulmarus glacialis,137195,Northern fulmar,breeding,Meganyctiphanes norvegica,110690,0.09,177.0,REF021
2468,1980,60.13,-2.06,Foula,Fulmarus glacialis,137195,Northern fulmar,breeding,Munida intermedia,107157,0.0,177.0,REF021
2469,1980,60.13,-2.06,Foula,Fulmarus glacialis,137195,Northern fulmar,breeding,Nephrops norvegicus,107254,0.0,177.0,REF021
2470,1980,60.13,-2.06,Foula,Fulmarus glacialis,137195,Northern fulmar,breeding,Pagurus bernhardus,107232,0.0,177.0,REF021
2471,1980,60.13,-2.06,Foula,Fulmarus glacialis,137195,Northern fulmar,breeding,Parapasiphae sulcatifrons,107673,0.0,177.0,REF021
2472,1980,60.13,-2.06,Foula,Fulmarus glacialis,137195,Northern fulmar,breeding,Actinopterygii,10194,0.136,177.0,REF021
2473,1993,60.13,-2.06,Foula,Fulmarus glacialis,137195,Northern fulmar,breeding,Acanthephyra pelagica,107581,0.0,86.0,REF086
2474,1993,60.13,-2.06,Foula,Fulmarus glacialis,137195,Northern fulmar,breeding,Ammodytes marinus,126751,0.24,86.0,REF086
2475,1993,60.13,-2.06,Foula,Fulmarus glacialis,137195,Northern fulmar,breeding,Caligus coryphaenae,135748,0.35,86.0,REF086
2476,1993,60.13,-2.06,Foula,Fulmarus glacialis,137195,Northern fulmar,breeding,Callionymus lyra,126792,0.0,86.0,REF086
2477,1993,60.13,-2.06,Foula,Fulmarus glacialis,137195,Northern fulmar,breeding,Cephalopoda,11707,0.01,86.0,REF086
2478,1993,60.13,-2.06,Foula,Fulmarus glacialis,137195,Northern fulmar,breeding,Coregonus,126139,0.31,86.0,REF086
2479,1993,60.13,-2.06,Foula,Fulmarus glacialis,137195,Northern fulmar,breeding,Crustacea,1066,0.02,86.0,REF086
2480,1993,60.13,-2.06,Foula,Fulmarus glacialis,137195,Northern fulmar,breeding,Eurydice,118401,0.01,86.0,REF086
2481,1993,60.13,-2.06,Foula,Fulmarus glacialis,137195,Northern fulmar,breeding,Gonatus steenstrupi,140027,0.0,86.0,REF086
2482,1993,60.13,-2.06,Foula,Fulmarus glacialis,137195,Northern fulmar,breeding,Hyperia galba,103251,0.0,86.0,REF086
2483,1993,60.13,-2.06,Foula,Fulmarus glacialis,137195,Northern fulmar,breeding,Melanogrammus aeglefinus,126437,0.01,86.0,REF086
2484,1993,60.13,-2.06,Foula,Fulmarus glacialis,137195,Northern fulmar,breeding,Merlangius merlangus,126438,0.0,86.0,REF086
2485,1993,60.13,-2.06,Foula,Fulmarus glacialis,137195,Northern fulmar,breeding,Micromesistius poutassou,126439,0.01,86.0,REF086
2486,1993,60.13,-2.06,Foula,Fulmarus glacialis,137195,Northern fulmar,breeding,Actinopterygii,10194,0.06,86.0,REF086
2487,1993,60.13,-2.06,Foula,Fulmarus glacialis,137195,Northern fulmar,breeding,other,,0.3,86.0,REF086
2488,1993,60.13,-2.06,Foula,Fulmarus glacialis,137195,Northern fulmar,breeding,Scopelogadus beanii,127278,0.0,86.0,REF086
2489,1993,60.13,-2.06,Foula,Fulmarus glacialis,137195,Northern fulmar,breeding,Trisopterus esmarkii,126444,0.07,86.0,REF086
2490,1993,60.13,-2.06,Foula,Fulmarus glacialis,137195,Northern fulmar,breeding,Trisopterus luscus,126445,0.0,86.0,REF086
2491,1981,57.81,-8.58,St Kilda,Fulmarus glacialis,137195,Northern fulmar,breeding,Acanthephyra,107018,0.0004,238.0,REF021
2492,1981,57.81,-8.58,St Kilda,Fulmarus glacialis,137195,Northern fulmar,breeding,Ammodytes marinus,126751,0.0,238.0,REF021
2493,1981,57.81,-8.58,St Kilda,Fulmarus glacialis,137195,Northern fulmar,breeding,Cephalopoda,11707,0.0,238.0,REF021
2494,1981,57.81,-8.58,St Kilda,Fulmarus glacialis,137195,Northern fulmar,breeding,Clupeidae,125464,0.076,238.0,REF021
2495,1981,57.81,-8.58,St Kilda,Fulmarus glacialis,137195,Northern fulmar,breeding,Gnathophausia zoea,119930,0.177,238.0,REF021
2496,1981,57.81,-8.58,St Kilda,Fulmarus glacialis,137195,Northern fulmar,breeding,Idotea metallica,119047,0.113,238.0,REF021
2497,1981,57.81,-8.58,St Kilda,Fulmarus glacialis,137195,Northern fulmar,breeding,Liocarcinus,106925,0.0004,238.0,REF021
2498,1981,57.81,-8.58,St Kilda,Fulmarus glacialis,137195,Northern fulmar,breeding,Meganyctiphanes norvegica,110690,0.339,238.0,REF021
2499,1981,57.81,-8.58,St Kilda,Fulmarus glacialis,137195,Northern fulmar,breeding,Munida intermedia,107157,0.025,238.0,REF021
2500,1981,57.81,-8.58,St Kilda,Fulmarus glacialis,137195,Northern fulmar,breeding,Nephrops norvegicus,107254,0.009,238.0,REF021
2501,1981,57.81,-8.58,St Kilda,Fulmarus glacialis,137195,Northern fulmar,breeding,Pagurus bernhardus,107232,0.009,238.0,REF021
2502,1981,57.81,-8.58,St Kilda,Fulmarus glacialis,137195,Northern fulmar,breeding,Parapasiphae sulcatifrons,107673,0.078,238.0,REF021
2503,1981,57.81,-8.58,St Kilda,Fulmarus glacialis,137195,Northern fulmar,breeding,Actinopterygii,10194,0.008,238.0,REF021
2504,1982,57.81,-8.58,St Kilda,Fulmarus glacialis,137195,Northern fulmar,breeding,Crustacea,1066,0.083,12.0,REF011
2505,1982,57.81,-8.58,St Kilda,Fulmarus glacialis,137195,Northern fulmar,breeding,Hyperia galba,103251,0.33,12.0,REF011
2506,1982,57.81,-8.58,St Kilda,Fulmarus glacialis,137195,Northern fulmar,breeding,Actinopterygii,10194,0.5,12.0,REF011
2507,1982,57.81,-8.58,St Kilda,Fulmarus glacialis,137195,Northern fulmar,breeding,Velella velella,117832,0.17,12.0,REF011
2508,1993,57.81,-8.58,St Kilda,Fulmarus glacialis,137195,Northern fulmar,breeding,Acanthephyra pelagica,107581,0.21,62.0,REF086
2509,1993,57.81,-8.58,St Kilda,Fulmarus glacialis,137195,Northern fulmar,breeding,Ammodytes marinus,126751,0.06,62.0,REF086
2510,1993,57.81,-8.58,St Kilda,Fulmarus glacialis,137195,Northern fulmar,breeding,Caligus coryphaenae,135748,0.0,62.0,REF086
2511,1993,57.81,-8.58,St Kilda,Fulmarus glacialis,137195,Northern fulmar,breeding,Callionymus lyra,126792,0.02,62.0,REF086
2512,1993,57.81,-8.58,St Kilda,Fulmarus glacialis,137195,Northern fulmar,breeding,Cephalopoda,11707,0.03,62.0,REF086
2513,1993,57.81,-8.58,St Kilda,Fulmarus glacialis,137195,Northern fulmar,breeding,Coregonus,126139,0.42,62.0,REF086
2514,1993,57.81,-8.58,St Kilda,Fulmarus glacialis,137195,Northern fulmar,breeding,Crustacea,1066,0.0,62.0,REF086
2515,1993,57.81,-8.58,St Kilda,Fulmarus glacialis,137195,Northern fulmar,breeding,Eurydice,118401,0.02,62.0,REF086
2516,1993,57.81,-8.58,St Kilda,Fulmarus glacialis,137195,Northern fulmar,breeding,Gonatus steenstrupi,140027,0.05,62.0,REF086
2517,1993,57.81,-8.58,St Kilda,Fulmarus glacialis,137195,Northern fulmar,breeding,Hyperia galba,103251,0.23,62.0,REF086
2518,1993,57.81,-8.58,St Kilda,Fulmarus glacialis,137195,Northern fulmar,breeding,Melanogrammus aeglefinus,126437,0.02,62.0,REF086
2519,1993,57.81,-8.58,St Kilda,Fulmarus glacialis,137195,Northern fulmar,breeding,Merlangius merlangus,126438,0.16,62.0,REF086
2520,1993,57.81,-8.58,St Kilda,Fulmarus glacialis,137195,Northern fulmar,breeding,Micromesistius poutassou,126439,0.0,62.0,REF086
2521,1993,57.81,-8.58,St Kilda,Fulmarus glacialis,137195,Northern fulmar,breeding,Actinopterygii,10194,0.05,62.0,REF086
2522,1993,57.81,-8.58,St Kilda,Fulmarus glacialis,137195,Northern fulmar,breeding,other,,0.0,62.0,REF086
2523,1993,57.81,-8.58,St Kilda,Fulmarus glacialis,137195,Northern fulmar,breeding,Scopelogadus beanii,127278,0.11,62.0,REF086
2524,1993,57.81,-8.58,St Kilda,Fulmarus glacialis,137195,Northern fulmar,breeding,Trisopterus esmarkii,126444,0.03,62.0,REF086
2525,1993,57.81,-8.58,St Kilda,Fulmarus glacialis,137195,Northern fulmar,breeding,Trisopterus luscus,126445,0.02,62.0,REF086
2526,1999,60.44,-2.48,Unst & Foula,Fulmarus glacialis,137195,Northern fulmar,breeding,Ammodytidae,125516,0.01,143.0,REF061
2527,1999,60.44,-2.48,Unst & Foula,Fulmarus glacialis,137195,Northern fulmar,breeding,Argentinidae,125508,0.05,143.0,REF061
2528,1999,60.44,-2.48,Unst & Foula,Fulmarus glacialis,137195,Northern fulmar,breeding,Cephalopoda,11707,0.03,143.0,REF061
2529,1999,60.44,-2.48,Unst & Foula,Fulmarus glacialis,137195,Northern fulmar,breeding,Clupea harengus,126417,0.15,143.0,REF061
2530,1999,60.44,-2.48,Unst & Foula,Fulmarus glacialis,137195,Northern fulmar,breeding,Clupeidae,125464,0.01,143.0,REF061
2531,1999,60.44,-2.48,Unst & Foula,Fulmarus glacialis,137195,Northern fulmar,breeding,Crustacea,1066,0.1,143.0,REF061
2532,1999,60.44,-2.48,Unst & Foula,Fulmarus glacialis,137195,Northern fulmar,breeding,Enchelyopus cimbrius,126450,0.01,143.0,REF061
2533,1999,60.44,-2.48,Unst & Foula,Fulmarus glacialis,137195,Northern fulmar,breeding,Eurydice pulchra,118852,0.02,143.0,REF061
2534,1999,60.44,-2.48,Unst & Foula,Fulmarus glacialis,137195,Northern fulmar,breeding,Gadiculus argenteus,126435,0.01,143.0,REF061
2535,1999,60.44,-2.48,Unst & Foula,Fulmarus glacialis,137195,Northern fulmar,breeding,Gadidae,125469,0.09,143.0,REF061
2536,1999,60.44,-2.48,Unst & Foula,Fulmarus glacialis,137195,Northern fulmar,breeding,Gadus morhua,126436,0.08,143.0,REF061
2537,1999,60.44,-2.48,Unst & Foula,Fulmarus glacialis,137195,Northern fulmar,breeding,Gobiidae,125537,0.01,143.0,REF061
2538,1999,60.44,-2.48,Unst & Foula,Fulmarus glacialis,137195,Northern fulmar,breeding,Gonatus steenstrupi,140027,0.01,143.0,REF061
2539,1999,60.44,-2.48,Unst & Foula,Fulmarus glacialis,137195,Northern fulmar,breeding,Hippomedon denticulatus,102570,0.01,143.0,REF061
2540,1999,60.44,-2.48,Unst & Foula,Fulmarus glacialis,137195,Northern fulmar,breeding,Isopoda,1131,0.04,143.0,REF061
2541,1999,60.44,-2.48,Unst & Foula,Fulmarus glacialis,137195,Northern fulmar,breeding,Limanda limanda,127139,0.01,143.0,REF061
2542,1999,60.44,-2.48,Unst & Foula,Fulmarus glacialis,137195,Northern fulmar,breeding,Malacostraca,1071,0.08,143.0,REF061
2543,1999,60.44,-2.48,Unst & Foula,Fulmarus glacialis,137195,Northern fulmar,breeding,Melanogrammus aeglefinus,126437,0.03,143.0,REF061
2544,1999,60.44,-2.48,Unst & Foula,Fulmarus glacialis,137195,Northern fulmar,breeding,Merlangius merlangus,126438,0.02,143.0,REF061
2545,1999,60.44,-2.48,Unst & Foula,Fulmarus glacialis,137195,Northern fulmar,breeding,Merluccius merluccius,126484,0.01,143.0,REF061
2546,1999,60.44,-2.48,Unst & Foula,Fulmarus glacialis,137195,Northern fulmar,breeding,Micromesistius poutassou,126439,0.08,143.0,REF061
2547,1999,60.44,-2.48,Unst & Foula,Fulmarus glacialis,137195,Northern fulmar,breeding,Orchestia gammarellus,103202,0.01,143.0,REF061
2548,1999,60.44,-2.48,Unst & Foula,Fulmarus glacialis,137195,Northern fulmar,breeding,Actinopterygii,10194,0.05,143.0,REF061
2549,1999,60.44,-2.48,Unst & Foula,Fulmarus glacialis,137195,Northern fulmar,breeding,other,,0.32,143.0,REF061
2550,1999,60.44,-2.48,Unst & Foula,Fulmarus glacialis,137195,Northern fulmar,breeding,Scomber scombrus,127023,0.03,143.0,REF061
2551,1999,60.44,-2.48,Unst & Foula,Fulmarus glacialis,137195,Northern fulmar,breeding,Todaropsis eblanae,140625,0.01,143.0,REF061
2552,1999,60.44,-2.48,Unst & Foula,Fulmarus glacialis,137195,Northern fulmar,breeding,Trisopterus,125739,0.05,143.0,REF061
2553,1999,60.44,-2.48,Unst & Foula,Fulmarus glacialis,137195,Northern fulmar,breeding,Trisopterus esmarkii,126444,0.18,143.0,REF061
2554,1999,60.44,-2.48,Unst & Foula,Fulmarus glacialis,137195,Northern fulmar,breeding,Trisopterus luscus,126445,0.01,143.0,REF061
2555,1999,60.44,-2.48,Unst & Foula,Fulmarus glacialis,137195,Northern fulmar,breeding,Trisopterus minutus,126446,0.07,143.0,REF061
2556,1985,60.62,-1.1,Yell,Fulmarus glacialis,137195,Northern fulmar,breeding,Ammodytes marinus,126751,0.92,101.0,REF019
2557,1985,60.62,-1.1,Yell,Fulmarus glacialis,137195,Northern fulmar,breeding,Melanogrammus aeglefinus,126437,0.02,101.0,REF019
2558,1985,60.62,-1.1,Yell,Fulmarus glacialis,137195,Northern fulmar,breeding,Pollachius pollachius,126440,0.02,101.0,REF019
2559,1985,60.62,-1.1,Yell,Fulmarus glacialis,137195,Northern fulmar,breeding,Pollachius virens,126441,0.02,101.0,REF019
2560,1985,60.62,-1.1,Yell,Fulmarus glacialis,137195,Northern fulmar,breeding,Trisopterus esmarkii,126444,0.02,101.0,REF019
2584,1998,56.1,-2.6,Bass Rock,Morus bassanus,148776,Northern gannet,breeding,Ammodytidae,125516,0.3,266.0,REF027; REF026
2585,1998,56.1,-2.6,Bass Rock,Morus bassanus,148776,Northern gannet,breeding,Clupea harengus,126417,0.215,266.0,REF027; REF026
2586,1998,56.1,-2.6,Bass Rock,Morus bassanus,148776,Northern gannet,breeding,Gadidae,125469,0.15,266.0,REF027; REF026
2587,1998,56.1,-2.6,Bass Rock,Morus bassanus,148776,Northern gannet,breeding,other,,0.037,266.0,REF027; REF026
2588,1998,56.1,-2.6,Bass Rock,Morus bassanus,148776,Northern gannet,breeding,Scomber scombrus,127023,0.316,266.0,REF027; REF026
2589,1998,56.1,-2.6,Bass Rock,Morus bassanus,148776,Northern gannet,breeding,Sprattus sprattus,126425,0.23,266.0,REF027; REF026
2590,1998,56.1,-2.6,Bass Rock,Morus bassanus,148776,Northern gannet,breeding,Ammodytidae,125516,0.27,266.0,REF027; REF026
2591,1998,56.1,-2.6,Bass Rock,Morus bassanus,148776,Northern gannet,breeding,Ammodytidae,125516,0.023,266.0,REF027; REF026
2592,2001,56.1,-2.6,Bass Rock,Morus bassanus,148776,Northern gannet,breeding,Ammodytes marinus,126751,0.48,48.0,REF045
2593,2001,56.1,-2.6,Bass Rock,Morus bassanus,148776,Northern gannet,breeding,Callionymidae,125522,0.02,48.0,REF045
2594,2001,56.1,-2.6,Bass Rock,Morus bassanus,148776,Northern gannet,breeding,Chelidonichthys cuculus,127259,0.02,48.0,REF045
2595,2001,56.1,-2.6,Bass Rock,Morus bassanus,148776,Northern gannet,breeding,Gadidae,125469,0.13,48.0,REF045
2596,2001,56.1,-2.6,Bass Rock,Morus bassanus,148776,Northern gannet,breeding,Merlucciidae,125473,0.02,48.0,REF045
2597,2001,56.1,-2.6,Bass Rock,Morus bassanus,148776,Northern gannet,breeding,Pleuronectidae,125579,0.04,48.0,REF045
2598,2001,56.1,-2.6,Bass Rock,Morus bassanus,148776,Northern gannet,breeding,Scomber scombrus,127023,0.46,48.0,REF045
2599,2001,56.1,-2.6,Bass Rock,Morus bassanus,148776,Northern gannet,breeding,Sprattus sprattus,126425,0.15,48.0,REF045
2600,2002,56.1,-2.6,Bass Rock,Morus bassanus,148776,Northern gannet,breeding,Ammodytidae,125516,0.69,114.0,REF027
2601,2002,56.1,-2.6,Bass Rock,Morus bassanus,148776,Northern gannet,breeding,Clupea harengus,126417,0.077,114.0,REF027
2602,2002,56.1,-2.6,Bass Rock,Morus bassanus,148776,Northern gannet,breeding,Gadidae,125469,0.156,114.0,REF027
2603,2002,56.1,-2.6,Bass Rock,Morus bassanus,148776,Northern gannet,breeding,Actinopterygii,10194,0.045,114.0,REF027
2604,2002,56.1,-2.6,Bass Rock,Morus bassanus,148776,Northern gannet,breeding,Scomber scombrus,127023,0.219,114.0,REF027
2605,2002,56.1,-2.6,Bass Rock,Morus bassanus,148776,Northern gannet,breeding,Sprattus sprattus,126425,0.067,114.0,REF027
2606,2002,56.1,-2.6,Bass Rock,Morus bassanus,148776,Northern gannet,breeding,Ammodytidae,125516,0.684,114.0,REF027
2607,2002,56.1,-2.6,Bass Rock,Morus bassanus,148776,Northern gannet,breeding,Ammodytidae,125516,0.009,114.0,REF027
2608,2003,56.1,-2.6,Bass Rock,Morus bassanus,148776,Northern gannet,breeding,Ammodytidae,125516,0.74,92.0,REF027
2609,2003,56.1,-2.6,Bass Rock,Morus bassanus,148776,Northern gannet,breeding,Clupea harengus,126417,0.222,92.0,REF027
2610,2003,56.1,-2.6,Bass Rock,Morus bassanus,148776,Northern gannet,breeding,Gadidae,125469,0.119,92.0,REF027
2611,2003,56.1,-2.6,Bass Rock,Morus bassanus,148776,Northern gannet,breeding,Actinopterygii,10194,0.065,92.0,REF027
2612,2003,56.1,-2.6,Bass Rock,Morus bassanus,148776,Northern gannet,breeding,Scomber scombrus,127023,0.172,92.0,REF027
2613,2003,56.1,-2.6,Bass Rock,Morus bassanus,148776,Northern gannet,breeding,Sprattus sprattus,126425,0.19,92.0,REF027
2614,2003,56.1,-2.6,Bass Rock,Morus bassanus,148776,Northern gannet,breeding,Ammodytidae,125516,0.685,92.0,REF027
2615,2003,56.1,-2.6,Bass Rock,Morus bassanus,148776,Northern gannet,breeding,Ammodytidae,125516,0.054,92.0,REF027
2616,2010,56.1,-2.6,Bass Rock,Morus bassanus,148776,Northern gannet,breeding,Scomber scombrus,127023,0.86,37.0,REF090
2617,2010,56.1,-2.6,Bass Rock,Morus bassanus,148776,Northern gannet,breeding,Sprattus sprattus,126425,0.14,37.0,REF090
2618,2011,56.1,-2.6,Bass Rock,Morus bassanus,148776,Northern gannet,breeding,Ammodytidae,125516,0.18,17.0,REF090
2619,2011,56.1,-2.6,Bass Rock,Morus bassanus,148776,Northern gannet,breeding,Belone belone,126375,0.06,17.0,REF090
2620,2011,56.1,-2.6,Bass Rock,Morus bassanus,148776,Northern gannet,breeding,Clupea harengus,126417,0.12,17.0,REF090
2621,2011,56.1,-2.6,Bass Rock,Morus bassanus,148776,Northern gannet,breeding,Nephrops,106863,0.06,17.0,REF090
2622,2011,56.1,-2.6,Bass Rock,Morus bassanus,148776,Northern gannet,breeding,Scomber scombrus,127023,0.47,17.0,REF090
2623,2011,56.1,-2.6,Bass Rock,Morus bassanus,148776,Northern gannet,breeding,Sprattus sprattus,126425,0.12,17.0,REF090
2624,2012,56.1,-2.6,Bass Rock,Morus bassanus,148776,Northern gannet,breeding,Clupeidae,125464,0.14,7.0,REF090
2625,2012,56.1,-2.6,Bass Rock,Morus bassanus,148776,Northern gannet,breeding,Scomber scombrus,127023,0.86,7.0,REF090
2630,2009,51.71666667,-5.466666667,Grassholm Island,Morus bassanus,148776,Northern gannet,breeding,Belone belone,126375,0.214,14.0,REF069
2631,2009,51.71666667,-5.466666667,Grassholm Island,Morus bassanus,148776,Northern gannet,breeding,Clupea harengus,126417,0.071,14.0,REF069
2632,2009,51.71666667,-5.466666667,Grassholm Island,Morus bassanus,148776,Northern gannet,breeding,Coregonus,126139,0.286,14.0,REF069
2633,2009,51.71666667,-5.466666667,Grassholm Island,Morus bassanus,148776,Northern gannet,breeding,Neosebastidae,154248,0.071,14.0,REF069
2634,2009,51.71666667,-5.466666667,Grassholm Island,Morus bassanus,148776,Northern gannet,breeding,Scomber scombrus,127023,0.214,14.0,REF069
2635,2009,51.71666667,-5.466666667,Grassholm Island,Morus bassanus,148776,Northern gannet,breeding,Sprattus sprattus,126425,0.143,14.0,REF069
2636,2000,52.1,-6.7,Great Saltee,Morus bassanus,148776,Northern gannet,breeding,Ammodytidae,125516,0.35,40.0,REF045
2637,2000,52.1,-6.7,Great Saltee,Morus bassanus,148776,Northern gannet,breeding,Belone belone,126375,0.15,40.0,REF045
2638,2000,52.1,-6.7,Great Saltee,Morus bassanus,148776,Northern gannet,breeding,Callionymidae,125522,0.08,40.0,REF045
2639,2000,52.1,-6.7,Great Saltee,Morus bassanus,148776,Northern gannet,breeding,Carangidae,125523,0.03,40.0,REF045
2640,2000,52.1,-6.7,Great Saltee,Morus bassanus,148776,Northern gannet,breeding,Chelidonichthys cuculus,127259,0.08,40.0,REF045
2641,2000,52.1,-6.7,Great Saltee,Morus bassanus,148776,Northern gannet,breeding,Clupea harengus,126417,0.13,40.0,REF045
2642,2000,52.1,-6.7,Great Saltee,Morus bassanus,148776,Northern gannet,breeding,Cottidae,125589,0.03,40.0,REF045
2643,2000,52.1,-6.7,Great Saltee,Morus bassanus,148776,Northern gannet,breeding,Gadidae,125469,0.23,40.0,REF045
2644,2000,52.1,-6.7,Great Saltee,Morus bassanus,148776,Northern gannet,breeding,Merlucciidae,125473,0.08,40.0,REF045
2645,2000,52.1,-6.7,Great Saltee,Morus bassanus,148776,Northern gannet,breeding,Pleuronectidae,125579,0.13,40.0,REF045
2646,2000,52.1,-6.7,Great Saltee,Morus bassanus,148776,Northern gannet,breeding,Salmo salar,127186,0.03,40.0,REF045
2647,2000,52.1,-6.7,Great Saltee,Morus bassanus,148776,Northern gannet,breeding,Scomber scombrus,127023,0.2,40.0,REF045
2679,1983,52.5,1.0,East Anglia,Alca torda,137128,Razorbill,breeding,Clupea harengus,126417,0.0,90.0,REF004
2680,1983,52.5,1.0,East Anglia,Alca torda,137128,Razorbill,breeding,Clupeidae,125464,0.422,90.0,REF004
2681,1983,52.5,1.0,East Anglia,Alca torda,137128,Razorbill,breeding,Crustacea,1066,0.0,90.0,REF004
2682,1983,52.5,1.0,East Anglia,Alca torda,137128,Razorbill,breeding,Gadidae,125469,0.0,90.0,REF004
2683,1983,52.5,1.0,East Anglia,Alca torda,137128,Razorbill,breeding,Gobius,125988,0.011,90.0,REF004
2684,1983,52.5,1.0,East Anglia,Alca torda,137128,Razorbill,breeding,Hyperoplus lanceolatus,126756,0.0,90.0,REF004
2685,1983,52.5,1.0,East Anglia,Alca torda,137128,Razorbill,breeding,Maurolicus muelleri,127312,0.0,90.0,REF004
2686,1983,52.5,1.0,East Anglia,Alca torda,137128,Razorbill,breeding,Merlangius merlangus,126438,0.0,90.0,REF004
2687,1983,52.5,1.0,East Anglia,Alca torda,137128,Razorbill,breeding,Pollachius virens,126441,0.0,90.0,REF004
2688,1983,52.5,1.0,East Anglia,Alca torda,137128,Razorbill,breeding,Polychaeta,883,0.0,90.0,REF004
2689,1983,52.5,1.0,East Anglia,Alca torda,137128,Razorbill,breeding,Sprattus sprattus,126425,0.422,90.0,REF004
2690,1983,52.5,1.0,East Anglia,Alca torda,137128,Razorbill,breeding,Trisopterus minutus,126446,0.0,90.0,REF004
2691,1986,59.56,-1.63,Fair Isle,Alca torda,137128,Razorbill,breeding,Ammodytidae,125516,1.0,26.0,REF029
2692,1987,59.56,-1.63,Fair Isle,Alca torda,137128,Razorbill,breeding,Ammodytidae,125516,0.97,31.0,REF029
2693,1987,59.56,-1.63,Fair Isle,Alca torda,137128,Razorbill,breeding,Clupeidae,125464,0.03,31.0,REF029
2694,1988,59.56,-1.63,Fair Isle,Alca torda,137128,Razorbill,breeding,Ammodytidae,125516,0.75,4.0,REF029
2695,1988,59.56,-1.63,Fair Isle,Alca torda,137128,Razorbill,breeding,Clupeidae,125464,0.25,4.0,REF029
2696,1982,56.19,-2.56,Isle of May,Alca torda,137128,Razorbill,breeding,Ammodytidae,125516,0.96,79.0,REF031
2703,1982,56.19,-2.56,Isle of May,Alca torda,137128,Razorbill,breeding,Ammodytidae,125516,0.16,79.0,REF031
2704,1982,56.19,-2.56,Isle of May,Alca torda,137128,Razorbill,breeding,Ammodytidae,125516,0.82,79.0,REF031
2705,1983,56.19,-2.56,Isle of May,Alca torda,137128,Razorbill,breeding,Ammodytidae,125516,0.99,425.0,REF031
2712,1983,56.19,-2.56,Isle of May,Alca torda,137128,Razorbill,breeding,Ammodytidae,125516,0.4,425.0,REF031
2713,1983,56.19,-2.56,Isle of May,Alca torda,137128,Razorbill,breeding,Ammodytidae,125516,0.59,425.0,REF031
2714,1984,56.19,-2.56,Isle of May,Alca torda,137128,Razorbill,breeding,Ammodytidae,125516,0.96,337.0,REF031
2721,1984,56.19,-2.56,Isle of May,Alca torda,137128,Razorbill,breeding,Ammodytidae,125516,0.73,337.0,REF031
2722,1984,56.19,-2.56,Isle of May,Alca torda,137128,Razorbill,breeding,Ammodytidae,125516,0.23,337.0,REF031
2874,1983,57.75,-3.5,Moray Firth,Alca torda,137128,Razorbill,breeding,Clupea harengus,126417,0.313,48.0,REF004
2876,1983,57.75,-3.5,Moray Firth,Alca torda,137128,Razorbill,breeding,Crustacea,1066,0.018,48.0,REF004
2878,1983,57.75,-3.5,Moray Firth,Alca torda,137128,Razorbill,breeding,Gobius,125988,0.0,48.0,REF004
2879,1983,57.75,-3.5,Moray Firth,Alca torda,137128,Razorbill,breeding,Hyperoplus lanceolatus,126756,0.0,48.0,REF004
2880,1983,57.75,-3.5,Moray Firth,Alca torda,137128,Razorbill,breeding,Maurolicus muelleri,127312,0.0,48.0,REF004
2881,1983,57.75,-3.5,Moray Firth,Alca torda,137128,Razorbill,breeding,Merlangius merlangus,126438,0.125,48.0,REF004
2882,1983,57.75,-3.5,Moray Firth,Alca torda,137128,Razorbill,breeding,Pollachius virens,126441,0.0,48.0,REF004
2883,1983,57.75,-3.5,Moray Firth,Alca torda,137128,Razorbill,breeding,Polychaeta,883,0.064,48.0,REF004
2884,1983,57.75,-3.5,Moray Firth,Alca torda,137128,Razorbill,breeding,Sprattus sprattus,126425,0.042,48.0,REF004
2885,1983,57.75,-3.5,Moray Firth,Alca torda,137128,Razorbill,breeding,Trisopterus minutus,126446,0.042,48.0,REF004
2887,1983,54.972,-1.608,Newcastle,Alca torda,137128,Razorbill,breeding,Clupea harengus,126417,0.0,63.0,REF004
2889,1983,54.972,-1.608,Newcastle,Alca torda,137128,Razorbill,breeding,Crustacea,1066,0.014,63.0,REF004
2891,1983,54.972,-1.608,Newcastle,Alca torda,137128,Razorbill,breeding,Gobius,125988,0.127,63.0,REF004
2892,1983,54.972,-1.608,Newcastle,Alca torda,137128,Razorbill,breeding,Hyperoplus lanceolatus,126756,0.041,63.0,REF004
2893,1983,54.972,-1.608,Newcastle,Alca torda,137128,Razorbill,breeding,Maurolicus muelleri,127312,0.032,63.0,REF004
2894,1983,54.972,-1.608,Newcastle,Alca torda,137128,Razorbill,breeding,Merlangius merlangus,126438,0.048,63.0,REF004
2895,1983,54.972,-1.608,Newcastle,Alca torda,137128,Razorbill,breeding,Pollachius virens,126441,0.0,63.0,REF004
2896,1983,54.972,-1.608,Newcastle,Alca torda,137128,Razorbill,breeding,Polychaeta,883,0.101,63.0,REF004
2897,1983,54.972,-1.608,Newcastle,Alca torda,137128,Razorbill,breeding,Sprattus sprattus,126425,0.0,63.0,REF004
2898,1983,54.972,-1.608,Newcastle,Alca torda,137128,Razorbill,breeding,Trisopterus minutus,126446,0.0,63.0,REF004
2899,2008,55.29,-6.19,Rathlin,Alca torda,137128,Razorbill,breeding,Ammodytidae,125516,0.83,25.0,REF014
2900,2008,55.29,-6.19,Rathlin,Alca torda,137128,Razorbill,breeding,Clupeidae,125464,0.17,25.0,REF014
2901,2008,55.29,-6.19,Rathlin,Alca torda,137128,Razorbill,breeding,Gadidae,125469,0.0,25.0,REF014
2902,2009,55.29,-6.19,Rathlin,Alca torda,137128,Razorbill,breeding,Ammodytidae,125516,0.56,31.0,REF014
2903,2009,55.29,-6.19,Rathlin,Alca torda,137128,Razorbill,breeding,Clupeidae,125464,0.44,31.0,REF014
2904,2009,55.29,-6.19,Rathlin,Alca torda,137128,Razorbill,breeding,Gadidae,125469,0.0,31.0,REF014
2905,2010,55.29,-6.19,Rathlin,Alca torda,137128,Razorbill,breeding,Ammodytidae,125516,0.91,28.0,REF014
2906,2010,55.29,-6.19,Rathlin,Alca torda,137128,Razorbill,breeding,Clupeidae,125464,0.09,28.0,REF014
2907,2010,55.29,-6.19,Rathlin,Alca torda,137128,Razorbill,breeding,Gadidae,125469,0.0,28.0,REF014
2908,1989,51.62,-5.29,Skomer,Alca torda,137128,Razorbill,breeding,Ammodytidae,125516,0.944,992.0,REF089
2909,1989,51.62,-5.29,Skomer,Alca torda,137128,Razorbill,breeding,Clupeidae,125464,0.064,992.0,REF089
2910,1963,51.617,-5.288,Skomer & Skokholm,Alca torda,137128,Razorbill,breeding,Ammodytidae,125516,0.917,12.0,REF038
2911,1963,51.617,-5.288,Skomer & Skokholm,Alca torda,137128,Razorbill,breeding,Clupeidae,125464,0.083,12.0,REF038
